bmi,sex,age,quantile,time\geo,Belgium,Bulgaria,Czechia,Germany,Estonia,Ireland,Spain,France,Cyprus,Latvia,Luxembourg,Malta,Austria,Poland,Romania,Slovenia,Slovakia,Turkey
18P5-25,F,TOTAL,QU1,2008,50.7,41.2,33.5,40.5,34.4,43.4,37.8,:,41.8,50.5,40.8,38.9u,46.2,42.4,50.5,36,33.1,46.9u
18P5-25,F,TOTAL,QU2,2008,51.8,43.9,41.1,47.9,44.1,41.1,47.9,:,49.5,35.2,39.5,33.3u,53.6,45,54.6,42.2,49.4,44.4u
18P5-25,F,TOTAL,QU3,2008,43.2,47,41.8,48.3,41.4,52.8,53.8,:,53.8,43.3,41,42.5,50.8,48.8,59.3,46.8,55.7,46.6
18P5-25,F,TOTAL,QU4,2008,47.1,54.6,50.9,59.1,48.3,53.3,60.8,:,56.1,59.6,48.7,50.4,55.7,52.8,65.6,51,56.6,46.8
18P5-25,F,TOTAL,QU5,2008,65.1,58.7,55.7,61.7,56.9,61.2,65,:,64.6,63.6u,53,53.3,64.4,56,54.7u,70.4,62.3,48.3
18P5-25,F,TOTAL,TOTAL,2008,54.5,50.7,47.4,52.1,48,48,53.2,57.7,52.8,43.5,45.2,46.0u,54.1,50.1,52.8,50.6,52.5,46.6u
18P5-25,F,Y18-44,QU1,2008,62.6,61.9,:,57.2,70.5u,59.5,54.7,:,72.2,62.8u,60.7,61.1u,66.2,65.3,62.6,61.9u,60.6,55.7u
18P5-25,F,Y18-44,QU2,2008,62.8,63.3,62.9u,59.5,66.9,65.4,62,:,62.7,56.1,56.1,44.4u,69.8,62.9,65.8,62.5,70.7,54.3
18P5-25,F,Y18-44,QU3,2008,58,63.5,69,56.6,61.7,67.7,63.5,:,63.7,62.2,56.6,46.5,61.8,68.7,68.6,61.4,69.1,56.3
18P5-25,F,Y18-44,QU4,2008,57.4,64,58.2,66,64,67.6,68,:,63.7,70.3,60.8,56.6,65.8,68,71.4u,59.9,67,57.3
18P5-25,F,Y18-44,QU5,2008,65.6,70,68.1,67.3,66.6,79.8,70.6,:,73.7,72.4u,65.9,65.2,70.3,70.6,:,79.5,72.9,60.6
18P5-25,F,Y18-44,TOTAL,2008,63.6,66.5,66.1,64.3,66.3,66.7,64.8,65.5,66,63.3,61.8,57.5,67.1,67.9,64.8,67,70.2,56.6
18P5-25,F,Y45-54,QU1,2008,60.0u,38.4,:,43.4,42.3u,52.6u,43.5,:,41.4,65.2u,46.6,33.3u,40.1,53.8,40.2,:,43.0u,24.9u
18P5-25,F,Y45-54,QU2,2008,56.2u,55.5u,:,46.8,37.5,39.9u,50.7,:,50.6,34.6,34.7,32.4u,55.1,44.8,36.8,40.1u,52.6,25.0u
18P5-25,F,Y45-54,QU3,2008,40.3,37.4,17.9u,43.6,43,43.5,52.8,:,37.8,34.4,31.5,42.9u,50.5,43.2,42.8,38.0u,50.2,23
18P5-25,F,Y45-54,QU4,2008,46.8,44.7,31.5u,54.6,38.4,38.3,54.2,:,51.2,42.2,48.2,40.0u,49.7,43.3,:,34.5u,44.9,25.1
18P5-25,F,Y45-54,QU5,2008,72.4,55.8,34.3u,61.6,47.6,32.2,62.1,:,55.6,:,42.4,41.2,64.9,44.7,:,59.1u,46,30.7
18P5-25,F,Y45-54,TOTAL,2008,56.7,48.4,34.1,52.9,43.6,41.1,53.9,58.9,48.2,37.5,41.4,38.5u,53.3,44,38.5,46.4,47.6,25.9u
18P5-25,F,Y45-54,UNK,2008,55.5,48.8u,37.4u,58,47.3u,42.5,55.2,58.9,:,:,44.2u,38.5u,:,41.2,29.6,57.2u,42.0u,:
18P5-25,F,Y55-64,QU1,2008,43,35.2,:,32.6,21.8,26.4u,30.1,:,30.4,23.6u,33.9,40.0u,36.3,32.8,36.3,18.6u,33,30.8u
18P5-25,F,Y55-64,QU2,2008,35,26.9,32.2u,41.9,28.4u,17.7,33.7,:,29.6,25.1,21.6,34.2u,33.7,31.6,35.1,26.3u,32.4,21.7u
18P5-25,F,Y55-64,QU3,2008,35.3,35.3,33.7,41.4,28.8,27.1,34.7,:,36,17.6,27.1,27.0u,35.4,30.4,52.3u,:,33.8,20.7u
18P5-25,F,Y55-64,QU4,2008,42,44.6,35.1u,47.8,21.4,35.2,48.1,:,32.5,15.3u,24.7,42.3u,38.4,28.6,:,:,21.6u,23.2
18P5-25,F,Y55-64,QU5,2008,50.5,27.7,33.5u,52.2,34,46.6u,54.3,:,57.6,:,27.8,27.3u,44.4,30.5,:,:,18.4u,26.4
18P5-25,F,Y55-64,TOTAL,2008,44.2,34.4,28,42.3,27.5,29.5,40.1,48.3,35.5,20.9,27.3,36.6u,37,31.3,36.7,30.9,30,24.6u
18P5-25,F,Y65-74,QU1,2008,34.1,31.1,25.6u,30.7,26.6,28.0u,23.6,:,25.6,:,22,20.6u,26.6,27,40.8,24.1u,22.5,29.7u
18P5-25,F,Y65-74,QU2,2008,50.6,32.4,20.9u,42.7,25.5,14.9,24.6,:,29.9,22.2,20.1,17.2u,41,27.9,41.8,35.3u,23.6,22.1u
18P5-25,F,Y65-74,QU3,2008,28.3,35,20.6u,31.3,21.9,33.6u,32.7,:,38.7u,20,31,:,38.9,27.8,:,:,27.6u,21.4u
18P5-25,F,Y65-74,QU4,2008,26,33.4u,:,44.1,35.4,28.7u,44.1,:,:,18.1u,23.4u,:,38.6,33.1,:,:,:,23.1
18P5-25,F,Y65-74,QU5,2008,51.3u,24.6u,:,46.1,30.1,:,45.1u,:,:,:,39.9u,:,38.5,31.4,:,:,:,16.5u
18P5-25,F,Y65-74,TOTAL,2008,39.8,31,24.1,37.7,27,22.9,29.7,46.7,28.8,21.2,26.3,31.9u,35.4,28.4,41.1,29,23.8,24.3u
18P5-25,F,Y_GE75,QU1,2008,48.5,45.5,32.7,36.1,37,32,30.0u,:,39.4,:,38,:,41.9,37.8,58.9,42.6u,25.2,50.2u
18P5-25,F,Y_GE75,QU2,2008,46.1,40.7u,17.2u,34.7,31.9,26.7,33.2,:,38.4u,33.6,44,18.2u,40.6,32.3,60,:,34.0u,43.9u
18P5-25,F,Y_GE75,QU3,2008,42.6,32.8u,:,:c,35.1,40.8u,39.1,:,:,22.9,30.4u,:,37.7,29.6,:,:,:,66.7u
18P5-25,F,Y_GE75,QU4,2008,38.9,48.9u,:,:c,34.4u,:,27.3,:,:,:,48.6u,:,46,39.4,:,:,:,43.5u
18P5-25,F,Y_GE75,QU5,2008,71.5u,32.7u,:,:c,20.0u,:,26.7u,:,:,:,:,:,52.1u,37.5,:,:,:,16.1u
18P5-25,F,Y_GE75,TOTAL,2008,44.6,43,29.7,39.4,35.4,35.4,33.6u,48.7,40.7,31.4,38.4,38.6u,42,35.5,58.4,38.4,30.4,46.3u
18P5-25,M,TOTAL,QU1,2008,52.3,44.8,34.4,38.1,53.7,35.8,34.7,:,43.8,55.5,44.1,28.4,45.5,46.1,42.8,25.9,42.2,51.4
18P5-25,M,TOTAL,QU2,2008,49.3,41.2,27,31.6,50.5,38.1,35.4,:,35.8,41,35.1,26.4,41.3,34.7,39.9,34.8,37.4,45
18P5-25,M,TOTAL,QU3,2008,40.3,39.7,27,36.9,44.7,39,32.6,:,37.3,44.3,33.7,29.7,39.8,34.2,44.5,31.5,39.5,45.4
18P5-25,M,TOTAL,QU4,2008,39.7,40.3,30.6,37.4,42.1,34.6,38.3,:,39,39.6,37.9,31.4,42.7,35.8,43.1u,27.1,41.9,45.7
18P5-25,M,TOTAL,QU5,2008,44.8,39.7,46.4,41.8,41.4,31.1,39.6,:,39.8,37.2u,40,29.1,45.1,36.1,40.0u,33.1,39.1,41.4
18P5-25,M,TOTAL,TOTAL,2008,44.5,41.1,33.9,39.1,44,35.4,36.8,47.8,38.3,42.9,37.7,29.3,42.8,35.8,41.9,32.9,40.4,46.2
18P5-25,M,TOTAL,UNK,2008,46,44.2,31.7,44.6,46.1,35,40.1,47.8,29.6,:,37.5,30.0u,:,33.9,46.7u,37.8,44.2,49.3
18P5-25,M,Y18-44,QU1,2008,57.7,55.2,:,52.5,71.9u,36.3u,48,:,57.9,60.8u,51.5,47.1u,60.4,53.4,51.2,26.1u,60.9,56.7
18P5-25,M,Y18-44,QU2,2008,59.1,46.2,47.1u,39.1,63.1,47.5,45.3,:,41.2,53.5,47.6,32,54.6,45.9,48.4,50.1,48.3,52.5
18P5-25,M,Y18-44,QU3,2008,52.4,42.4,37.8,47.5,54.5,54.1,38.7,:,47.5,54.6,43.9,33.3,51.4,42.6,50.8,38.1,51.1,53.9
18P5-25,M,Y18-44,QU4,2008,52.5,47.1,40,43.4,51.5,42.8,46.9,:,47.9,45.4,43.3,41.6,52.3,45.4,52.3u,36,49.6,52.7
18P5-25,M,Y18-44,QU5,2008,52.9,49.8,54,51.5,47.4,43,48.8,:,51.9,46.8u,52.6,37.1,56,44.8,:,40.9,48.1,49.1
18P5-25,M,Y18-44,TOTAL,2008,55.3,48.6,44.1,49.6,50.7,46.1,45.9,60.2,47.3,52.2,47.8,37.8,54.5,44.7,49.9,42.1,50.5,53.3
18P5-25,M,Y18-44,UNK,2008,59.2,51.1,39.3,56.6,52,46.4,49.6,60.2,33.4u,:,48.4,40.5u,:,42.8,51.1,47.5,53.5,54.1u
18P5-25,M,Y45-54,QU1,2008,42.0u,50.4,:,37.6,54.2u,:,30.9,:,:,59.7u,38.4,19.1u,30.6,43.3,33.5,25.3u,38.6u,40.2
18P5-25,M,Y45-54,QU2,2008,50.9u,41.0u,:,34.7,43.8u,45.4u,27.4,:,32.1,40.7,26.1,21.1u,30.3,28.2,27.1,8.5u,28.4,31.7
18P5-25,M,Y45-54,QU3,2008,44.2,36.4,22.3u,28,45.6,31.3,24.8,:,30.2,31.3,20.8,28.0u,27.4,26,33.1u,20.7u,27.1,29.4
18P5-25,M,Y45-54,QU4,2008,29.5,30.4,6.7u,33.1,35.6,27.6,26.4,:,34.7,27.6,34.3,24.3u,34.8,22.9,:,14.5u,30.6,27.7
18P5-25,M,Y45-54,QU5,2008,36.8,22.5,36.6u,36.4,27.2,14.9u,30.2,:,25.2,:,18.9,25,32,25.6,:,21.7u,26.2,27.2
18P5-25,M,Y45-54,TOTAL,2008,38.7,31.2,26.7,33.4,34.8,28.4,28.4,37.9,30.6,33.9,25.6,24.9,31.6,26.4,30.7,20.5,29.3,31.3
18P5-25,M,Y45-54,UNK,2008,41.7,32.5u,26.0u,32.6,30.9u,27.4,32.1,37.9,:,:,17.5u,27.0u,:,23.4,40.6,28.6u,31.1,:
18P5-25,M,Y55-64,QU1,2008,55.0u,36.8,:,:c,51.1u,:,25.8,:,29.8,50.6u,40.5,16.7u,31.3,43.4,34.8,23.2u,43.0u,40.5u
18P5-25,M,Y55-64,QU2,2008,35.6u,36.9,8.5u,:c,39.9u,13.8u,24.5,:,25.8,34.5,28.7,20.0u,32.4,23.6,24.5,31.1u,26.3,28.7
18P5-25,M,Y55-64,QU3,2008,30.4,27.3,14.3u,23.8,35.5,14.5u,26.5,:,21.7,31.5,25.6,22.2u,23.8,26.1,35.4u,:,20.6,27.3
18P5-25,M,Y55-64,QU4,2008,31.2,30,13.2u,26,29.5,17.8,16.6,:,12.8,25.4u,31.9,25.0u,25.3,22.1,:,:,19.8,42.1
18P5-25,M,Y55-64,QU5,2008,24.5,26.4,34.2u,30.3,31.3,:,22.9,:,26.7,:,24.3,11.1,33.5,23.2,:,26.7u,17.3u,28.3
18P5-25,M,Y55-64,TOTAL,2008,29.4,30.8,18.3,26.4,35.2,20,23.9,35.4,23.4,32.8,29.7,17.8,29.5,26.3,31.3,26.9,23.1,33.5
18P5-25,M,Y55-64,UNK,2008,25.7,:,9.9u,28.8,38.4u,22.7,28.2,35.4,:,:,28.0u,18.2u,:,26.3,45.0u,22.8u,21.6u,:
18P5-25,M,Y65-74,QU1,2008,45.9u,34.5,:,31.3,43,:,21.7,:,33.9,:,34.2,23.5u,31.4,39.5,36.5,:,31.1u,41.7u
18P5-25,M,Y65-74,QU2,2008,39.2u,38.7,:,24.7,37.9u,17.0u,19.2,:,30,24.8,27.2,21.1u,22.9,25.7,29.4,29.4u,30,34.5
18P5-25,M,Y65-74,QU3,2008,27.9,50.6,20.8u,29.3,41.8,17.9u,19,:,17.8u,31.1,19.8,16.7u,28.7,24.5,:,:,24.8,23.6
18P5-25,M,Y65-74,QU4,2008,29.1,37.5u,:,33.2,22.8,25.4u,33.8,:,14.9u,:,22.0u,:,26.5,26,:,:,:,27.1
18P5-25,M,Y65-74,QU5,2008,40.6u,19.3u,:,30.6,31.5,29.3u,37.7,:,26.9u,:,30.3u,:,29.1,20.1,:,:,:,18.2u
18P5-25,M,Y65-74,TOTAL,2008,36.8,36,20.4,29.4,36.8,21.2,24.1,32.9,28.1,28.2,25.9,20.7u,27,24.8,34.7,23.2,28.4,31.5
18P5-25,M,Y65-74,UNK,2008,44,:,:,30.4,35.3u,20.2,28.7,32.9,:,:,:,22.9u,:,17.1,32.3u,24.8u,:,:
18P5-25,M,Y_GE75,QU1,2008,49.8,48.9,:,:c,45.1,:,29,:,46.4,:,44.0u,:,36.3,38.2,44.4,:,24.6u,50.6u
18P5-25,M,Y_GE75,QU2,2008,46.7,42.6u,:,:c,45.9,44.3u,33.9,:,45.8u,37.7,22.9u,42.9u,32.8,30.1,48.4,:,33.4u,43.2
18P5-25,M,Y_GE75,QU3,2008,33.6,50.2u,29.5u,:c,41.3,:,33.2,:,:,22.4,31.5u,:,34.1,33.9,:,:,:,27.7u
18P5-25,M,Y_GE75,QU4,2008,38.3,:,:,:c,35.5,27.5u,35.7,:,:,:,38.6u,:,46,34.3,:,:,:,30.6u
18P5-25,M,Y_GE75,QU5,2008,57.8u,:,:,:c,57.1u,:,31.1u,:,:,:,:,:,48.8u,32.3,:,:,:,:
18P5-25,M,Y_GE75,TOTAL,2008,40.7,47.7,28.7,33.7,43.2,34,31.5,40.6,41.9,30.8,33,32.5u,37.9,33.5,44.6,26.4,33.9,43.6u
18P5-25,M,Y_GE75,UNK,2008,37.9,:,:,:c,42.5u,32.9,27.8,40.6,:,:,:,10.0u,:,36.1,37.9u,:,:,:
18P5-25,T,TOTAL,QU1,2008,51.4,42.6,33.8,39.6,39.6,40.9,36.5,:,42.5,53.1,42,34.7u,46,43.7,47.2,32.2,36,49.2u
18P5-25,T,TOTAL,QU2,2008,50.8,42.6,35.7,39.9,46.6,39.8,41.7,:,42.7,37.4,37.5,30.0u,47.8,40.5,47.5,38.4,44.2,44.7
18P5-25,T,TOTAL,QU3,2008,41.9,43.3,34.7,42.2,42.7,46.3,43,:,45.5,43.8,37.2,35.7,45.1,42,52.8,38.6,47.7,46
18P5-25,T,TOTAL,QU4,2008,43.5,47.7,40.3,47.1,45.4,43.6,48.7,:,47.3,49.9,43.7,40.5,49.2,44.8,55.6,39.5,48.8,46.2
18P5-25,T,TOTAL,QU5,2008,54.8,49.3,50.6,50.1,48.7,45.4,51.7,:,51.9,49.3,46.5,40.8,53.8,46.4,46.6,50.5,49.4,44.6
18P5-25,T,TOTAL,TOTAL,2008,49.7,46.2,40.9,45.7,46.2,41.9,45,53.1,45.8,43.2,41.7,38.0u,48.7,43.6,47.8,41.8,46.7,46.4
18P5-25,T,TOTAL,UNK,2008,51.7,51.9,42.8,50.7,53.2,39.9,48,53.1,47.1,:,47,41.3u,:,43.8,52.7,45.7,52.7,53.6u
18P5-25,T,Y18-44,QU1,2008,60.1,58.6,59.3u,54.9,71.1,49.4,51.6,:,66.2,61.6,56,56.6u,63.7,59.6,57.3,42.8,60.7,56.2u
18P5-25,T,Y18-44,QU2,2008,61.1,55.5,56.9,49.1,65.3,57.2,53.5,:,52.1,54.9,52,39.3u,62.3,54.9,57.4,55.8,60.2,53.4
18P5-25,T,Y18-44,QU3,2008,55.1,52.2,54.6,51.8,59.2,61.7,50.9,:,56,58.3,49.6,39.5,56.2,56,60.6,49,60.1,55.1
18P5-25,T,Y18-44,QU4,2008,55,55.8,49.2,54.1,58,54.6,56.7,:,55.8,58.4,52.5,49.4,59.2,57.1,63.7,49.3,57.8,54.9
18P5-25,T,Y18-44,QU5,2008,59.6,59.8,60.6,58.4,56.2,61.5,59.6,:,63,57.7,59.1,51.1,62.7,57.9,60.4u,58.7,59.5,54.4
18P5-25,T,Y18-44,TOTAL,2008,59.6,57.5,55.2,56.7,58.5,56.4,55.1,62.9,57.1,57.7,54.7,48.2,60.8,56.8,57.8,53.9,60.1,54.9
18P5-25,T,Y18-44,UNK,2008,63.2,58.7,54.6,63.3,62.3,54.7,57.3,62.9,48.9,:,61.1,52.2u,:,56.5,61.4,56.5,64.6,61.7u
18P5-25,T,Y45-54,QU1,2008,51.6,43.9,:,40.9,48.5,51.1u,37.5,:,39.4,62.3,42.9,26.7,36.4,48.5,37.2,28.8u,40.9,33.3u
18P5-25,T,Y45-54,QU2,2008,53.1,48.6,:,41,39.4,42.8,39.5,:,41,37.3,30.4,26.4,42.8,37.7,32.2,23.2,42,28.6u
18P5-25,T,Y45-54,QU3,2008,41.8,36.9,20.3u,34.7,44,36.6,38.3,:,33.9,33,25.7,34.1u,40.1,35.3,39,28.7,39.8,26.6
18P5-25,T,Y45-54,QU4,2008,38.6,38,18.8,42.9,37.2,33,40,:,42.8,34.7,42.5,30.7,42.2,34.1,34.7u,25.2,37.1,26.5
18P5-25,T,Y45-54,QU5,2008,52.5,39.6,35.6,47.2,37.4,23.4,45.6,:,41.3,:,30.1,33.3,46.3,35.7,:,43,35,28.9
18P5-25,T,Y45-54,TOTAL,2008,47.7,40.1,30.3,42.9,39.6,34.8,41.1,49,39.6,35.8,33.6,32.0u,42.5,36,34.9,33.1,38.5,28.8
18P5-25,T,Y45-54,UNK,2008,48.8,40.5,32.1,46.5,39.6,35.4,43.9,49,44.9u,:,30.2,34.3u,:,33.1,34.8,42,36.2,53.4u
18P5-25,T,Y55-64,QU1,2008,48.7,35.8,18.9u,29.4,31.3,32.0u,28.3,:,30.2,38.3u,36.1,30.5u,34.4,36.8,35.7,20.6,35.8,35.8u
18P5-25,T,Y55-64,QU2,2008,35.2,31.3,21.8,33.2,33.9,16,29.6,:,27.8,28.5,24.8,27.6u,33.1,28.2,29.9,28.7,30.2,25.6
18P5-25,T,Y55-64,QU3,2008,32.9,31.5,25.1,32.2,31,21.9,30.5,:,28.5,23.8,26.4,25,29.8,28.5,43.6,25.3u,27.2,24.3
18P5-25,T,Y55-64,QU4,2008,36.5,36.8,22.8,34.5,25.3,25.6,29,:,21.9,21.1,28.2,34,32,25.7,:,34.7u,20.5,33.4
18P5-25,T,Y55-64,QU5,2008,36.2,27,33.9u,38.2,32.6,33.8,36.2,:,38.5,:,26.1,17.2,37.7,27.1,:,33.3u,17.6,27.4
18P5-25,T,Y55-64,TOTAL,2008,36.8,32.8,23.2,34.4,30.9,25,32.1,41.9,29.6,26,28.4,27.7u,33.4,29.1,34.3,28.9,26.8,29.3
18P5-25,T,Y55-64,UNK,2008,36.8,48.6u,15,37.2,35.4u,25.5,37.6,41.9,36.6u,:,24.6,31.2u,:,30.4,43.6u,31.3,23.5,:
18P5-25,T,Y65-74,QU1,2008,38.5,32.3,21.2,30.9,29.5,27.6,22.9,:,28.6,:,25.8,21.6u,27.9,30.2,39.1,22.8,24.5,35.1u
18P5-25,T,Y65-74,QU2,2008,46.8,35.5,20.4u,34,29.4,15.6,22.1,:,29.9,23.1,23,19.4u,32.2,26.9,35.7,32.2,26.5,29.4u
18P5-25,T,Y65-74,QU3,2008,28.1,42.7,20.7,30.2,32,24.8,25.5,:,25.5,24.7,26.2,29.4u,33.5,26.3,37.7u,26.1u,25.9,22.5u
18P5-25,T,Y65-74,QU4,2008,27.6,35.5,:,37.6,29.4,27.3,38.5,:,24.2u,25.7u,22.8,11.8u,32.2,29.7,:,:,21.1u,25.2
18P5-25,T,Y65-74,QU5,2008,45.6,22,:,36.6,30.8,28.1u,40.5,:,23.4u,:,35.1u,40.0u,33,25.1,:,:,:,17.4
18P5-25,T,Y65-74,TOTAL,2008,38.4,33.1,22.6,33.9,30.7,22.1,27.1,40.6,28.5,23.8,26.1,26.4u,31.5,26.9,38.4,26.4,25.7,28.0u
18P5-25,T,Y65-74,UNK,2008,47.3,:,22.3u,36.2,36.0u,21,32.9,40.6,:,:,32.2u,32.4u,:,22.5,40.5u,23.6,28.4u,:
18P5-25,T,Y_GE75,QU1,2008,48.8,46.6,31.3,32.5,38.1,31.7,29.6u,:,42.1,:,39,38.7u,40.9,37.8,53.6,42.1,25,50.4u
18P5-25,T,Y_GE75,QU2,2008,46.3,41.8,17.1u,32.2,36.7,34.5,33.6,:,42.2,34.6,34.7,30.2u,37.7,31.5,54.4,25.6u,33.8,43.6u
18P5-25,T,Y_GE75,QU3,2008,38.5,41.2,24.6u,54.1,38.3,43.3,36.3,:,34.1u,22.8,30.9,47.4u,35.8,31.5,41.1u,:,46.7u,49.9u
18P5-25,T,Y_GE75,QU4,2008,38.5,52.8u,:,:c,34.7,28.5u,31.8,:,:,:,43.6u,:,46,37.2,:,:,:,37.7u
18P5-25,T,Y_GE75,QU5,2008,64.1,34.0u,:,:c,31.7,:,28.5u,:,:,:,27.4u,:,50.4,35.5,:,:,:,29.1u
18P5-25,T,Y_GE75,TOTAL,2008,43.1,44.8,29.4,37.3,37.7,34.8,32.7,45.5,41.2,31.2,36.6,35.6u,40.6,34.9,53.2,34.3,31.6,45.1u
18P5-25,T,Y_GE75,UNK,2008,40.3,:,31.3u,36.9,45.8,35.4,36.5u,45.5,:,:,44.0u,33.3u,:,36.6,45.6u,38.6u,:,:
25-30,F,TOTAL,QU1,2008,27.8,40.5,40,33.3,37.4,35.3,35.3,:,33.5,23.8,32.1,27.1u,34.4,34.6,38.6,36.9,36.1,27.4u
25-30,F,TOTAL,QU2,2008,24.8,39.5,31.1,30.4,29.4,34.7,31.9,:,28.8,35.4,34.8,34.3u,29.4,32.3,33.6,37.2,30.2,31.1u
25-30,F,TOTAL,QU3,2008,31,37.8,34.3,30.9,29.8,31.7,28.6,:,28,33.7,35.1,34.7,32.4,31.5,30.6,37,26.4,29.8
25-30,F,TOTAL,QU4,2008,32.5,30,23.2,26.3,25.7,29.2,25,:,26.4,26,27.8,24.5,28.1,29.8,29.3,32.5,24.5,28.6
25-30,F,TOTAL,QU5,2008,20.7,26.4,28.7,25.2,21.5,23.1,24.4,:,21.2,23.3u,27.9,29.3,23.5,26.9,36.7u,18.6,20.6,28.9
25-30,F,TOTAL,TOTAL,2008,26.8,33,30,28.8,27.1,31.3,29,24.5,27.7,32.7,31.1,29.6u,29.5,30.4,36.1,30.7,27.3,29.1u
25-30,F,TOTAL,UNK,2008,26.9,20.1,27,27.1,22.9,32.1,27.9,24.5,19.2,:,23,28.0u,:,29.1,32.8,26.2,23.2,15.3u
25-30,F,Y18-44,QU1,2008,24.7,25.7,:,20.2,17.3u,23.1,25.9,:,15.1,16.1u,17.6,22.2u,20.4,19.6,29.3,19.8u,21.7,22.5u
25-30,F,Y18-44,QU2,2008,12.9,21.4,9.9u,23.9,15.5,17.8,23.1,:,21,30.4,21.4,25.0u,17.1,22,24.5,19.5,12.7,24.7
25-30,F,Y18-44,QU3,2008,21.5,24.3,18.3,24.7,20.8,22.7,22.7,:,18.9,24,19.1,33.3,25.6,19.6,20.3,30,18.3,25.6
25-30,F,Y18-44,QU4,2008,26,20.1,18,21.7,18,19.8,20.1,:,20.6,20,18.2,21.7,19.9,20.4,26.4u,23.9,17.1,25
25-30,F,Y18-44,QU5,2008,17.8,14.1,18.2,21.5,16.4,10.6,16.3,:,12.7,17.4u,19,18.1,18.4,17.7,:,13.7,13.8,22.5
25-30,F,Y18-44,TOTAL,2008,20.2,18,16.7,20.4,17,19.7,20.9,17.9,17.9,24,18.7,22.8,20,19.3,26.2,19.9,15.5,24
25-30,F,Y18-44,UNK,2008,20.2,11.6,13.9,15.8,13.5,20.5,18.5,17.9,8.1u,:,15.3,20.4u,:,17.7,22.2,17,11.1,5.6u
25-30,F,Y45-54,QU1,2008,20.1u,47.7,:,29.3,35.0u,32.1u,30.2,:,29.3,22.5u,21.2,37.5u,34.4,29.9,43.8,:,35.1u,36.3u
25-30,F,Y45-54,QU2,2008,26.6u,31.1u,:,27.9,33.8,25.6u,34,:,24.7,31.2,38.5,44.1u,30.3,33.9,49.8,37.6u,34.1,42.4u
25-30,F,Y45-54,QU3,2008,33.5,45.1,60.3u,31.4,35,30,26.1,:,41.6,37.4,43.8,31.4u,31.2,36.7,48.1,33.7u,33.6,39.4
25-30,F,Y45-54,QU4,2008,29.9,45.4,33.0u,31.2,30.9,44.7,28.5,:,31.6,36.1,32.6,40.0u,35.5,37.4,:,42.7u,31.1,41
25-30,F,Y45-54,QU5,2008,20.5,35.6,52.2u,24.9,27.2,51.8,30.5,:,30.7,:,31.8,43.1,23.7,38.1,:,27.4u,36.1,38.4
25-30,F,Y45-54,TOTAL,2008,26.1,39.5,44.9,28.7,31,34.4,30.3,25,32.4,34.7,33.1,39.6u,30.5,36.5,47.1,33.8,34,39.4u
25-30,F,Y45-54,UNK,2008,26.4,26.7u,46.4u,28.3,34.1u,29.5,31.9,25,:,:,30.4u,39.5u,:,37.7,57.6,31.5u,35.9u,:
25-30,F,Y55-64,QU1,2008,13.6,43.8,:,35.3,34.4,48.0u,37.8,:,38.4,30.3u,35.7,20.0u,36.9,34.5,50.3,39.6u,28.1,37.8u
25-30,F,Y55-64,QU2,2008,25.1,55.6,43.3u,33,35.6u,56.7,37.2,:,42.1,38.4,38.5,31.7u,40,37.3,47.5,50.6u,39.4,46.0u
25-30,F,Y55-64,QU3,2008,38.2,43.2,37.2,33.2,29.8,52.1,41.5,:,44,46.7,45.7,51.4u,42.6,40.3,39.7u,:,35.4,41.7u
25-30,F,Y55-64,QU4,2008,34.5,36.6,35.2u,33.9,37.1,34.4,38.6,:,44.5,36.1u,49.9,19.2u,39.8,41.8,:,:,54.4u,23.9
25-30,F,Y55-64,QU5,2008,36.6,52.8,42.6u,32.6,35,26.4u,41,:,29.9,:,55.3,45.5u,34.8,39,:,:,29.6u,45.3
25-30,F,Y55-64,TOTAL,2008,33.3,46.2,42.7,34.2,34.2,43.4,39.1,32,40.7,41.8,43.2,32.8u,39.1,39.1,48.7,40.3,38.8,39.1u
25-30,F,Y55-64,UNK,2008,34.9,:,44.7u,35.7,39.8u,43.4,39.2,32,:,:,38.0u,30.2u,:,39.8,44.1u,31.9u,50.7u,:
25-30,F,Y65-74,QU1,2008,45.6,47.1,34.7u,37.8,40.9,38.6u,43,:,45.1,:,44.3,32.4u,49.9,44.3,47.7,51.0u,34.7,36.0u
25-30,F,Y65-74,QU2,2008,30.1,47.4,41.7u,37.5,46.1,46.2,47,:,43.6,40,54,51.7u,38.5,39.7,43.8,42.3u,50,47.2u
25-30,F,Y65-74,QU3,2008,35.4,55.8,44.9u,44.9,37.7,38.3u,43,:,45.2u,43.8,51.8,:,43.5,44.3,:,:,37.4u,39.9u
25-30,F,Y65-74,QU4,2008,51.3,52.2u,:,:c,33.3,40.6u,35.5,:,:,67.7u,27.7u,:,38.4,41,:,:,:,43
25-30,F,Y65-74,QU5,2008,27.2u,55.5u,:,:c,24.8,:,45.8u,:,:,:,37.1u,:,55.5,41.8,:,:,:,26.0u
25-30,F,Y65-74,TOTAL,2008,37.1,49.4,38.5,39.1,37.9,43.9,42.9,33.3,44.3,42.6,46,35.5u,44.4,42.9,47.2,46.8,42.2,39.9u
25-30,F,Y65-74,UNK,2008,30.9,:,:,40.9,34.1u,45.3,37.8,33.3,:,:,:,33.3u,:,45,49.0u,47.0u,58.0u,:
25-30,F,Y_GE75,QU1,2008,28.4,37.5,44.8,43.6,41.5,46,41.5u,:,35.7,:,40,:,40.6,41.1,32.4,33.1u,50.1,30.9u
25-30,F,Y_GE75,QU2,2008,34.4,45.0u,60.7u,:c,34.4,54.7,38.8,:,31.2u,36.4,40,31.8u,43.2,43.6,26.9,:,44.7u,31.8u
25-30,F,Y_GE75,QU3,2008,34.5,50.5u,:,:c,37.1,52.4u,40.6,:,:,50.8,43.9u,:,35.8,44.7,:,:,:,25.1u
25-30,F,Y_GE75,QU4,2008,38.8,26.6u,:,:c,33.6u,:,38.8,:,:,:,30.5u,:,37.9,41.2,:,:,:,30.3u
25-30,F,Y_GE75,QU5,2008,26.3u,56.2u,:,:c,46.2u,:,56.2u,:,:,:,:,:,36.0u,32.4,:,:,:,43.2u
25-30,F,Y_GE75,TOTAL,2008,34,40.3,45.8,38.2,39.1,43.8,40.4u,30.9,33.5,39.8,37.9,27.7u,40.4,41.6,32.2,40.5,46.7,32.0u
25-30,F,Y_GE75,UNK,2008,36.2,:,48.6u,37.4,32.1u,39.9,37.5u,30.9,:,:,:,:,:,41.2,31.0u,26.9u,:,:
25-30,M,TOTAL,QU1,2008,34.2,42.6,44,39.1,33.9,42.4,44.1,:,37.7,36.2,34,44.2,40.9,37.7,49.6,48.3,42,35.1
25-30,M,TOTAL,QU2,2008,35.4,50.6,50.5,48.7,37.3,40.6,45.2,:,47.4,44.8,39.3,45.6,44.6,46.3,51.3,37.4,45.2,39.9
25-30,M,TOTAL,QU3,2008,42.4,47.4,51,43.5,38.1,43,48.1,:,44,42.9,44.3,41.6,45.2,46.4,48.7,48,45.2,40.7
25-30,M,TOTAL,QU4,2008,45,43.5,46.9,46.2,35.9,47.5,44.1,:,44.6,48.9,35.3,43.8,44.3,47.6,49.0u,54.4,42.4,39.3
25-30,M,TOTAL,QU5,2008,42.3,48.4,40.4,45.6,40.9,54.3,45.8,:,45.9,54.4u,39.8,50.2,44.1,46.3,51.2u,57.7,47.4,42
25-30,M,TOTAL,TOTAL,2008,40.8,46.4,47.1,44,38.9,46.7,45.6,39.3,44.5,44.5,39.3,44.6,44,46.3,49.9,49,44.5,39.2
25-30,M,TOTAL,UNK,2008,39.1,44.5,51,41.4,41.4,47.2,45.7,39.3,45.1,:,40.9,42.4u,:,47.7,42.6u,49.3,44,34
25-30,M,Y18-44,QU1,2008,27.9,32.5,:,28.3,23.2u,39.3u,38,:,36,26.4u,36.5,35.3u,32.5,35.6,44,47.2u,23,33.4
25-30,M,Y18-44,QU2,2008,31.6,50.4,43.3u,45.9,24.4,42,39.5,:,46.9,37.9,35.1,42,37.6,42.1,45.5,31.1,40.5,35.4
25-30,M,Y18-44,QU3,2008,35.1,48.4,51.7,40,29.1,33.3,44.7,:,37.1,36.9,38.5,40.5,36.7,43.3,43.7,46.5,39,36.1
25-30,M,Y18-44,QU4,2008,33.5,35.5,37.9,41.4,32.7,43.1,39.4,:,39.8,46.7,33.3,35.1,36.6,42.4,45.5u,46.8,39.8,35.9
25-30,M,Y18-44,QU5,2008,36.6,41.4,36.9,37.7,38.2,42.9,38.2,:,38.6,47.4u,35.1,45,35.3,43.2,:,50.7,40.4,38.4
25-30,M,Y18-44,TOTAL,2008,32.7,40.6,42.8,37.4,35.3,40.3,40.1,30.8,40.2,39.4,36.4,40.3,36,42.8,44.4,45.1,38.4,35.6
25-30,M,Y18-44,UNK,2008,28.4,35.7,49.1,32.9,38,40.3,39.6,30.8,42.0u,:,41.3,38.7u,:,44.6,39.8,45.7,35,33.4u
25-30,M,Y45-54,QU1,2008,34.0u,41.8,:,38.7,41.0u,:,46.9,:,:,37.5u,24.9,57.1u,49.1,40,58.5,61.1u,44.2u,41.4
25-30,M,Y45-54,QU2,2008,22.5u,46.2u,:,39.5,35.1u,27.2u,51.5,:,49.2,46.3,48.6,50.0u,55.3,49.1,59,44.2u,54.1,44.8
25-30,M,Y45-54,QU3,2008,35.4,52.3,34.6u,47,33.1,48.9,51.3,:,48.6,52.6,52.2,42.0u,53.4,48.9,48.6u,48.6u,54.8,51.4
25-30,M,Y45-54,QU4,2008,57,52.6,82.1u,49.6,39.1,60,50.2,:,43.4,54.9,26.5,48.7u,52.3,54.8,:,59.4u,47.6,46.9
25-30,M,Y45-54,QU5,2008,48.2,62.1,38.7u,49.5,49.2,66.9u,54.8,:,55.2,:,45.8,47.9,55.3,49.3,:,73.8u,58.1,50.4
25-30,M,Y45-54,TOTAL,2008,45.3,55.2,48.1,46.9,44.2,52.7,51.9,46.7,48.7,51.2,42.1,47.5,53.7,50.1,58.1,56.5,53.6,47.2
25-30,M,Y45-54,UNK,2008,43.9,60.4u,50.8u,48.8,53.4u,52.4,54,46.7,:,:,50.5u,46.0u,:,51,47,55.5u,62.4,:
25-30,M,Y55-64,QU1,2008,35.8u,46.4,:,40.7,29.3u,:,42,:,35.5,40.4u,33.7,41.7u,42.1,36.5,53.8,41.8u,35.1u,38.1u
25-30,M,Y55-64,QU2,2008,45.3u,49.6,55.6u,47.4,58.0u,40.3u,49,:,50.2,43,41.8,48.6u,45.3,50.3,64.3,26.4u,42.3,49.1
25-30,M,Y55-64,QU3,2008,36.4,51.9,53.4u,51.7,42.1,61.1u,50.4,:,57.5,50.4,55.1,51.9u,54.7,49.3,64.6u,:,59.1,46.8
25-30,M,Y55-64,QU4,2008,49.7,53.3,47.4u,49.7,33.3,42.1,54.4,:,63.6,48.1u,38.5,50.0u,52.8,54.2,:,:,53.1,44.4
25-30,M,Y55-64,QU5,2008,54.9,56.7,53.7u,52.9,45.2,:,57.6,:,51.8,:,53.7,64.8,52.6,51,:,54.0u,68.8u,49.1
25-30,M,Y55-64,TOTAL,2008,47.7,52.3,52.1,50.1,41.7,52.8,51.1,48.7,52.9,47.3,44.6,49.8,50,49.3,57.5,45.5,53.9,44.9
25-30,M,Y55-64,UNK,2008,48.6,:,57.2u,54.7,47.1u,55.6,50.1,48.7,:,:,39.4u,41.6u,:,48.8,42.0u,57.1u,60.9u,:
25-30,M,Y65-74,QU1,2008,46.5u,49,:,45,38,:,50,:,42.3,:,39.1,47.1u,47.3,35,53.7,:,52.8u,33.5u
25-30,M,Y65-74,QU2,2008,48.4u,51.6,:,57.5,46.6u,50.0u,52,:,46.2,56.7,34.2,47.4u,52,48.6,56.9,47.1u,48.2,50.2
25-30,M,Y65-74,QU3,2008,53.9,33.1,52.0u,43.9,43.1,54.7u,55.6,:,54.7u,43.8,47.8,38.9u,53.1,49.7,:,:,43.9,54.7
25-30,M,Y65-74,QU4,2008,55.6,56.3u,:,56.8,47.9,61.0u,49.7,:,70.4u,:,55.8u,:,56.9,50.6,:,:,:,45.6
25-30,M,Y65-74,QU5,2008,50.4u,57.3u,:,61.4,38.1,59.1u,47,:,56.9u,:,29.0u,:,59.4,54.3,:,:,:,40.9u
25-30,M,Y65-74,TOTAL,2008,50.8,49.2,53.7,52.2,42.3,52.8,51.7,47,48.5,51.2,39.9,46.7u,53.4,50.3,54.4,52.5,46.6,45.2
25-30,M,Y65-74,UNK,2008,47.5,:,:,51.2,37.5u,50.7,52.7,47,:,:,:,40.0u,:,59.2,56.8u,45.7u,:,:
25-30,M,Y_GE75,QU1,2008,38.9,43.8,:,:c,39.8,:,50.2,:,36.4,:,34.2u,:,57.3,50.9,46.4,:,68.5u,33.9u
25-30,M,Y_GE75,QU2,2008,36.2,54.7u,:,:c,38.1,45.5u,50.5,:,39.4u,47.1,42.5u,38.1u,52.6,49.2,47.2,:,51.4u,49.8
25-30,M,Y_GE75,QU3,2008,57.3,38.2u,66.7u,:c,45.1,:,55.3,:,:,62,37.3u,:,55.9,48.6,:,:,:,44.1u
25-30,M,Y_GE75,QU4,2008,45.4,:,:,:c,51.7,65.1u,50.3,:,:,:,42.8u,:,47.7,54,:,:,:,52.8u
25-30,M,Y_GE75,QU5,2008,33.3u,:,:,:c,38.0u,:,59.9u,:,:,:,:,:,33.1u,48.2,:,:,:,:
25-30,M,Y_GE75,TOTAL,2008,46.7,44.9,61.4,49.8,42.9,52.1,51.5,44.1,39,54.5,39.6,46.8u,51.6,49.3,46.8,61.5,50.4,40.9u
25-30,M,Y_GE75,UNK,2008,51.2,:,:,47.1,37.1u,52.8,52.2,44.1,:,:,:,70.0u,:,44.9,43.2u,:,:,:
25-30,T,TOTAL,QU1,2008,30.5,41.3,41.3,35.5,36.4,37.7,39,:,35.1,30.3,32.8,33.9u,36.6,35.7,43.4,41.2,38,31.4u
25-30,T,TOTAL,QU2,2008,29.2,44.8,38.6,39.3,32.5,37.4,38.4,:,38,39,36.9,39.7u,36.6,38.4,42.2,37.3,36.8,35.7
25-30,T,TOTAL,QU3,2008,36.4,42.7,42.4,37.6,33.3,37,38.5,:,36,38.1,39.8,38.4,39,38.5,38.6,42.9,35.8,35.6
25-30,T,TOTAL,QU4,2008,38.7,36.5,35.6,37.2,30.4,38.7,35.3,:,35.7,37.1,31.3,34.5,36.1,38.2,38,43,34.1,34.3
25-30,T,TOTAL,QU5,2008,31.7,37.3,35.1,37.1,31.8,39.4,35.6,:,33.8,40.2,33.9,40.2,34.8,36.3,44.7,39.5,35.5,35.8
25-30,T,TOTAL,TOTAL,2008,33.5,39.3,38.3,36.3,32.5,38.7,37.3,31.4,35.7,38,34.9,36.8u,36.5,37.6,42.4,39.8,35.6,34.4
25-30,T,TOTAL,UNK,2008,32.7,32.1,39,33.5,32.3,39.5,36.7,31.4,30.2,:,32.1,34.3u,:,37.5,37.1,37.9,33.9,25.2u
25-30,T,Y18-44,QU1,2008,26.3,29,29.6u,24.2,20,30.2,31.6,:,23.8,21.8,27.2,26.4u,25.7,27.3,36.1,34.4,22.3,28.2u
25-30,T,Y18-44,QU2,2008,21.3,34.7,22.4,35.2,19.2,28.9,31.4,:,33.7,33.9,28,32.0u,27.3,31.4,34.6,25.7,25.7,30.2
25-30,T,Y18-44,QU3,2008,28.6,37.2,33.7,32.6,23.7,27.4,33.9,:,27.6,30.7,29.9,37.1,31.6,31.2,30.9,38.9,28.6,31.1
25-30,T,Y18-44,QU4,2008,29.6,27.6,27.9,32.1,25.1,32,30.5,:,30.2,32.8,25.4,28.1,28.1,31.1,34.1,34,29,30.7
25-30,T,Y18-44,QU5,2008,26.8,27.8,28.2,30.6,28.2,26.7,27.4,:,25.4,34.7,27.3,31.7,27.3,30.3,33.7u,33.7,28.2,31
25-30,T,Y18-44,TOTAL,2008,26.3,29.3,29.7,29.2,26.2,30,30.8,24.2,28.6,31.7,27.7,31.1,28,30.6,34.8,33.2,27.2,30.1
25-30,T,Y18-44,UNK,2008,24.2,23.2,32.8,24.3,26.9,30.8,29.6,24.2,23.1,:,28.3,28.9u,:,30.3,29.8,32.8,23.5,20.2u
25-30,T,Y45-54,QU1,2008,26.6,45,:,33.4,38.1,34.8u,38.1,:,30.9,30.4,22.9,46.7,40.1,35,50.4,50.3u,39.4,39.1u
25-30,T,Y45-54,QU2,2008,24.2,38.2,:,33.4,34.2,26.4,42.5,:,37.3,38,43.6,47.2,42.7,40.4,54.2,41.1,42.8,43.7u
25-30,T,Y45-54,QU3,2008,34.2,48.7,46.8u,40.2,34.2,40.6,39.1,:,45.2,44.2,48.4,37.7u,41.3,42.2,48.3,41.7,43.2,46.2
25-30,T,Y45-54,QU4,2008,42.9,48.8,58.1,41.3,34.3,52.3,39.6,:,37.6,45.8,30.1,45.2,43.9,45.2,65.3u,50.4,40.1,44.2
25-30,T,Y45-54,QU5,2008,36,48.4,44.3,39,38.2,59.5,43.1,:,42.2,:,39.1,45.5,41.6,43.4,:,47.3,48.3,44.6
25-30,T,Y45-54,TOTAL,2008,35.7,47.1,46.5,38,37,43.5,41.1,35.2,40.4,42.4,37.6,43.4u,42,42.7,52.2,45.4,43.7,43.6
25-30,T,Y45-54,UNK,2008,34.9,43.8,48.4,37.6,43.1,40.3,42.7,35.2,41.7u,:,40.9,41.9u,:,43.8,52.6,44.2,49.9,32.6u
25-30,T,Y55-64,QU1,2008,24.1,44.7,53.0u,37.6,32.7,48.1u,39.6,:,37.6,35.8u,35.1,28.8u,38.9,35.3,51.8,40.5,30.1,38.0u
25-30,T,Y55-64,QU2,2008,33.7,52.9,48.7,39.4,46.3,49.7,42.5,:,45.9,40.1,40,39.5u,42.4,42.9,55.8,38.5,40.5,47.7
25-30,T,Y55-64,QU3,2008,37.3,47.3,44.4,42.9,33.9,55.8,46,:,51.2,48.4,50.1,51.6,48.4,44.3,52.5,56.3u,47.2,44.4
25-30,T,Y55-64,QU4,2008,42.3,45.5,42,43.6,35.3,38.6,48.2,:,54.8,43,44.4,34,46.1,47.4,:,48.0u,53.7,35
25-30,T,Y55-64,QU5,2008,46.6,54.9,49.3u,45.6,40.5,44.3,50.6,:,43.4,:,54.5,57.5,45.8,44.7,:,42.2u,55.5,47.3
25-30,T,Y55-64,TOTAL,2008,40.6,49.1,47.4,42.2,37.5,47.9,45.1,40.2,46.6,44.1,43.8,40.9u,44.4,43.6,52.7,43,45.8,42.2
25-30,T,Y55-64,UNK,2008,41.8,47.6u,50.9,43.4,43.4u,49.5,44.1,40.2,47.7u,:,38.9,35.3u,:,43.8,43.2u,42,56.2,:
25-30,T,Y65-74,QU1,2008,45.9,47.8,40.8,40.4,40.4,42.4,45.6,:,44.1,:,42.6,37.3u,49.2,41.9,50.1,49.5,38.9,34.9u
25-30,T,Y65-74,QU2,2008,36.2,49.5,43.9u,47.2,46.3,47.6,49.4,:,44.9,45.4,46.1,49.3u,45.1,43.6,50.3,44.8,49.2,49.0u
25-30,T,Y65-74,QU3,2008,44.3,44.5,48.2,44.4,40.4,47.5,49.7,:,51.2,43.8,50,29.4u,48.6,46.8,55.4u,45.5u,41.4,47.4u
25-30,T,Y65-74,QU4,2008,53.5,54.3,:,46.3,40.3,49.5,43.2,:,55.4u,59.3u,39.9,58.8u,48.1,45.7,:,:,40.8u,44.3
25-30,T,Y65-74,QU5,2008,39.6,56.4,:,52.4,31.6,56.4u,46.5,:,56.3u,:,33.1u,43.3u,57.7,48.8,:,:,:,34.6
25-30,T,Y65-74,TOTAL,2008,43.5,49.3,44.7,45,39.6,48,47.1,39.3,46.3,45.7,43.6,41.0u,48.6,46.1,50.2,49.4,44,42.7u
25-30,T,Y65-74,UNK,2008,39.3,:,43.0u,44.8,35.5u,47.6,45.1,39.3,:,:,31.5u,36.5u,:,51.4,52.2u,46.4,57.2u,:
25-30,T,Y_GE75,QU1,2008,31.2,39.7,47.1,48.9,41.3,45.1,44.7u,:,36,:,39,32.3u,43.7,42.3,37.5,34.2,53.9,32.4u
25-30,T,Y_GE75,QU2,2008,35,50.5,62.7u,43.6,35.7,50.6,44.6,:,35.4,39.1,41.1,34.9u,46.8,45.6,36.7,63.7u,47.5,40.5u
25-30,T,Y_GE75,QU3,2008,44.9,44.6,54.8u,34.4,41.2,45.6,47.4,:,37.3u,54.9,41,26.3u,46.3,46.5,52.9u,:,35.0u,33.3u
25-30,T,Y_GE75,QU4,2008,42.5,29.6u,:,:c,39.1,61.1u,45,:,:,:,36.7u,:,43,46.7,:,:,:,40.4u
25-30,T,Y_GE75,QU5,2008,30.1,54.1u,:,:c,43.6,:,57.7u,:,:,:,32.6u,:,34.5,38.3,:,:,:,39.8u
25-30,T,Y_GE75,TOTAL,2008,38.9,42,51.3,42.6,40.2,47.3,45.2,36,35.8,44,38.5,36.9u,44.3,44,37.7,47.7,47.9,36.2u
25-30,T,Y_GE75,UNK,2008,41.3,:,47.9u,40.9,33.6,45.7,43.7u,36,:,:,23.0u,41.2u,:,42.2,35.7u,38.2u,:,:
GE30,F,TOTAL,QU1,2008,17.7,16.4,24.9,22.5,27.1,17.8,24.2,:,21.6,21.9,22.7,31.9u,16.7,19.7,8.4,24.6,29.2,21.8u
GE30,F,TOTAL,QU2,2008,19.5,12.9,25.6,18.5,22.3,18.4,18,:,16.7,26.7,20.8,28.3u,14,19.3,7.9,18.6,17.1,19.5u
GE30,F,TOTAL,QU3,2008,22.1,11,21.6,18.2,25.3,13.7,15.1,:,13.2,19.7,18.5,18.7,14.4,17,6,15.8,13.7,20
GE30,F,TOTAL,QU4,2008,17.8,10.5,16.2,11.6,22.9,14.2,10,:,12.2,11.9,17.9,22.4,12.6,13.6,5.1,13,12.7,19.5
GE30,F,TOTAL,QU5,2008,8.9,8,10.1,9.8,14.9,11.6,5.7,:,8.4,9.2u,14.5,14.5,8.3,13.2,6.3u,8.6,10.4,17.5
GE30,F,TOTAL,TOTAL,2008,14.7,11.3,18.3,15.6,20.5,17.6,14.4,12.7,14.5,20.9,18.8,21.1u,13.2,15.8,8,16.3,15.7,19.8u
GE30,F,TOTAL,UNK,2008,12,6.9,16.3,13.2,11.2,20.5,11.7,12.7,8.8,:,15.5,18.9u,:,14.2,6.3,16.7,8.6,13.7u
GE30,F,Y18-44,QU1,2008,7.1,5.5,:,15.2,10.3u,7.7,12.9,:,6,17.2u,13,13.9u,8.1,7.4,3.3,11.0u,8.8,16.3u
GE30,F,Y18-44,QU2,2008,18,4,21.0u,11.2,7,6.2,10.9,:,8.6,7.9,11.4,20.8u,8.1,8.2,4,12.7,8.9,13.8
GE30,F,Y18-44,QU3,2008,14.1,4.5,7,14.6,10.3,6.6,9.7,:,9.4,7.5,14.4,14.1,8.2,6.8,4.2,8.6,5.2,13.5
GE30,F,Y18-44,QU4,2008,13.9,7.8,10.1,8.7,12.6,7.2,5.9,:,7.7,6.2,11,19.3,9,5.5,2.3u,10.4,7.2,10.7
GE30,F,Y18-44,QU5,2008,8.7,4.9,6.3,:c,6.9,2.7,4.8,:,4.6,4.2u,8.6,12.3,6.2,4.8,:,2.7,4,9.1
GE30,F,Y18-44,TOTAL,2008,10.4,5.3,9.1,10,8.3,7.9,8.3,9,7.6,7.4,10.6,14.3,7.9,6.1,3.6,8.6,6.1,13
GE30,F,Y18-44,UNK,2008,7.9,2.6,8.7,7.8,3.7,10.2,7.2,9,7.5u,:,3.6,11.2u,:,5.8,2.5,10.1,3.6,6.4u
GE30,F,Y45-54,QU1,2008,14.2u,13.9,:,22,22.7u,15.3u,25.5,:,24.9,12.3u,27.9,29.2u,21.9,14.6,14.5,:,21.9u,38.4u
GE30,F,Y45-54,QU2,2008,12.6u,10.5u,:,21.6,28.7,26.9u,14.8,:,20.1,31.6,24,23.5u,13.2,19.2,12.6,22.3u,12.1,32.2u
GE30,F,Y45-54,QU3,2008,22.8,14.3,21.8u,22.3,22.1,24.6,19.8,:,19.9,27.9,23.5,25.7u,17.2,18.4,9.2,28.3u,16.2,36.4
GE30,F,Y45-54,QU4,2008,19.7,9.1,31.2u,12.3,29.2,15.9,15.3,:,15.6,21.8,17.9,16.0u,13.3,17.5,:,22.9u,22.5,33.9
GE30,F,Y45-54,QU5,2008,6.6,7.5,13.5u,11.7,24,16,6.9,:,11.3,:,22.5,15.7,8.9,17,:,13.6u,16.1,30.3
GE30,F,Y45-54,TOTAL,2008,13.9,10.6,20.2,15.8,24.4,22.8,14.6,12.7,17.2,26.9,23.2,21.2u,14.2,17.9,13.3,19.5,17,34.2u
GE30,F,Y45-54,UNK,2008,13.3,21.4u,16.2u,11.7,15.7u,26.5,11.6,12.7,:,:,25.4u,21.1u,:,18.8,12.9,9.5u,15.2u,:
GE30,F,Y55-64,QU1,2008,39.5,20.3,:,30.1,43.9,25.7u,30.8,:,29.7,39.6u,27.2,37.1u,26.4,29.4,13.2,41.8u,38.9,30.9u
GE30,F,Y55-64,QU2,2008,38.4,17.6,24.5u,23,36.0u,23.4,28.4,:,26.6,34,39.9,34.2u,24.2,30.6,16.3,23.1u,28.1,31.8u
GE30,F,Y55-64,QU3,2008,24.8,20.4,29.1,:c,38.9,20.9,23.8,:,18.9,35.8,23.7,16.2u,21.5,29,8.1u,:,28.9,36.9u
GE30,F,Y55-64,QU4,2008,23.3,16,29.7u,:c,41.5,30.4,12.7,:,22.9,46.4u,25.4,34.6u,20.1,28.1,:,:,24.0u,49.9
GE30,F,Y55-64,QU5,2008,12.4,18.6,23.9u,:c,31,25.4u,4.7,:,12.5,:,15.1,24.2u,19.2,30,:,:,52.0u,28.3
GE30,F,Y55-64,TOTAL,2008,21.1,18.4,29.3,21.5,37.7,26.6,20.2,17.8,22.8,35.9,27.5,28.7u,22.6,28.4,14.1,28,30.7,35.4u
GE30,F,Y55-64,UNK,2008,15.3,:,35.4u,19.1,27.7u,28,14.9,17.8,:,:,42.7u,28.1u,:,25.1,13.4u,28.6u,23.6u,:
GE30,F,Y65-74,QU1,2008,20.3,21,39.7u,30.5,31.3,33.4u,32.6,:,29.3,:,32.1,47.1u,23.1,26.6,10.6,24.9u,42,30.8u
GE30,F,Y65-74,QU2,2008,18.2,20.2,37.4u,18.7,28.4,38.9,27.8,:,25.7,36.6,25.8,31.0u,19.4,31.3,13.2,22.4u,26.5,30.7u
GE30,F,Y65-74,QU3,2008,34.1,7.2,34.5u,:c,39.7,28.1u,23.8,:,16.1u,36.2,14.5,:,17.1,27.4,:,:,35.0u,35.6u
GE30,F,Y65-74,QU4,2008,21.2,14.4u,:,:c,30.1,30.7u,20.4,:,:,14.2u,43.4u,:,22.7,25.9,:,:,:,30.9
GE30,F,Y65-74,QU5,2008,21.6u,20.0u,:,:c,41,:,8.1u,:,:,:,23.0u,:,6,26.4,:,:,:,54.6u
GE30,F,Y65-74,TOTAL,2008,21.5,18.9,35.9,21.7,33.8,32.4,26.8,17.8,26.6,35.3,26,31.9u,19.6,27.6,10.8,24.2,33.7,33.4u
GE30,F,Y65-74,UNK,2008,15.7,:,:,16.9,25.1u,31.8,24.7,17.8,:,:,:,23.1u,:,26.5,5.0u,30.5u,13.9u,:
GE30,F,Y_GE75,QU1,2008,19.1,15.4,22.5,:c,19.9,22,27.5u,:,21,:,19.2,:,15.8,19.6,7.3,19.8u,24.7,18.4u
GE30,F,Y_GE75,QU2,2008,15.1,14.3u,22.1u,:c,30.2,18.6,26.5,:,27.7u,29,13.9,45.5u,14.6,22.7,9,:,20.1u,19.5u
GE30,F,Y_GE75,QU3,2008,20.8,16.7u,:,:c,23.4,6.8u,19.6,:,:,24.8,25.7u,:,26.2,23.5,:,:,:,5.4u
GE30,F,Y_GE75,QU4,2008,16,24.5u,:,:c,31.9u,:,33.9,:,:,:,21.0u,:,12,19.5,:,:,:,26.2u
GE30,F,Y_GE75,QU5,2008,1.0u,11.1u,:,:c,33.8u,:,17.1u,:,:,:,:,:,11.9u,28.8,:,:,:,31.5u
GE30,F,Y_GE75,TOTAL,2008,17,15.5,24.5,19.6,23.6,20,24.7u,14.9,22.4,27.7,21.5,30.1u,15.9,21.4,7.7,18.7,22.5,18.9u
GE30,F,Y_GE75,UNK,2008,16.2,:,18.4u,:c,20.7u,21.2,16.3u,14.9,:,:,:,:,:,20,18.7u,25.9u,:,:
GE30,M,TOTAL,QU1,2008,11.7,11.6,19.5,20.9,11.1,18.8,20.4,:,17.9,7.6,20.5,27.4,12.9,14.6,6.9,23.6,14.8,11.3
GE30,M,TOTAL,QU2,2008,13.5,7.9,22.4,19.2,12,20.9,19,:,16.5,12.8,24.4,26.9,13.1,18.6,8.4,27,17.1,13.5
GE30,M,TOTAL,QU3,2008,15.6,12.3,22,19.2,16.1,18,18.9,:,18.2,12.4,20.3,27.9,14,18.4,5.4,19.8,14.4,12.7
GE30,M,TOTAL,QU4,2008,13.5,15.2,22,16.1,20.5,17.7,17.2,:,16.3,11.2,23.6,22.9,12.6,15.8,7.9u,18,15.7,12.8
GE30,M,TOTAL,QU5,2008,12,11.1,12.3,12,16.7,14.7,13.6,:,14,8.4u,19.7,19.2,10.1,17.2,8.8u,9.2,12.7,15.5
GE30,M,TOTAL,TOTAL,2008,13.3,11.6,18.4,16.1,16,17.6,17,11.7,16.7,12,21.4,24.7,12.4,17.3,7.6,17.3,14.5,13
GE30,M,TOTAL,UNK,2008,13.5,8.5,16.6,12.9,10.7,17.5,13.3,11.7,20.4,:,19.7,25.9u,:,17.9,10.4u,12.1,10.7,9.5
GE30,M,Y18-44,QU1,2008,11.5,9.7,:,16.2,4.9u,18.8u,13.2,:,5.5,12.9u,11,17.7u,6.7,8.9,4.3,26.7u,16.2,7.7
GE30,M,Y18-44,QU2,2008,6.4,3.3,9.7u,13.6,12.5,10.5,14.8,:,11.9,7,14.9,24,6.9,11.6,5.8,16.9,11.3,10.2
GE30,M,Y18-44,QU3,2008,9.8,8.5,10.5,11.6,13.4,12.6,16,:,14.6,8,15.7,25.2,10,12.5,4.3,14,8.1,8.6
GE30,M,Y18-44,QU4,2008,11.4,16.1,21.3,14.5,13.1,13.7,13.3,:,12,7.6,17.3,19.5,10.6,11,2.2u,16.2,10.6,9.2
GE30,M,Y18-44,QU5,2008,9.2,7.7,8.4,9.6,13.3,14.1,11.3,:,8.9,5.7u,11.9,15,7.8,11.7,:,8.4,10.2,11.1
GE30,M,Y18-44,TOTAL,2008,9.8,9.4,12.6,11.6,12.3,13,13.1,7.2,11.7,7.8,13.5,19.5,8.6,11.5,5.2,12,10.3,9.2
GE30,M,Y18-44,UNK,2008,10.1,8.7,11,8.8,7.5,12.6,9.4,7.2,15.5u,:,7.3,18.5u,:,12,8.8,5.9,10.5,4.9u
GE30,M,Y45-54,QU1,2008,23.1u,7.9,:,:c,2.7u,:,22,:,:,2.8u,33.6,23.8u,19.6,16.3,7.6,11.1u,17.2u,17.8
GE30,M,Y45-54,QU2,2008,26.7u,10.2u,:,:c,21.1u,25.4u,20.8,:,18.8,10.9,25.4,29.0u,14.3,22.6,13.8,47.3u,15.9,22.5
GE30,M,Y45-54,QU3,2008,16.9,11.4,43.1u,24.9,21.3,19.9,23.7,:,20.7,16.1,27,30.0u,19.2,25.1,14.5u,30.8u,18.1,18.6
GE30,M,Y45-54,QU4,2008,12.4,15.7,11.2u,17.2,25.3,12.4,23.4,:,21.9,17.5,39.2,27.0u,12.8,22.4,:,26.1u,21.8,24.4
GE30,M,Y45-54,QU5,2008,15,14.9,22.8u,14,22.4,18.2u,15,:,19.6,:,34.1,27.1,12.5,25,:,4.5u,15.8,21.9
GE30,M,Y45-54,TOTAL,2008,15.6,12.9,23.9,19.6,20.2,18.8,19.6,14.5,20.5,14.4,31.6,27.6,14.6,23.4,10.7,22.7,16.5,20.8
GE30,M,Y45-54,UNK,2008,14.5,7.1u,23.2u,18.6,15.8u,20.2,13.8,14.5,:,:,32.0u,27.0u,:,25.1,12.5,15.9u,4.2,:
GE30,M,Y55-64,QU1,2008,7.4u,16.8,:,:c,19.6u,:,30.7,:,34.8,5.6u,24.8,41.7u,25.9,18.4,10.6,27.6u,18.7u,18.5u
GE30,M,Y55-64,QU2,2008,15.7u,13.5,35.9u,30.2,2.1u,45.9u,26.5,:,24,21.9,28.1,31.4u,21.5,25.3,11,42.5u,31.4,21.6
GE30,M,Y55-64,QU3,2008,33.2,20.9,32.3u,:c,22.4,24.4u,22.8,:,20.8,18.1,19.3,25.9u,21.4,24.4,:,:,20.4,24.8
GE30,M,Y55-64,QU4,2008,19.2,16.7,39.4u,23.9,37.1,40.1,29,:,23.6,26.5u,29.6,25.0u,21.2,23,:,:,27.2,11
GE30,M,Y55-64,QU5,2008,20.6,16.9,12.1u,16.8,23.4,:,19.5,:,21.5,:,22,24.1,13.8,25.9,:,19.3u,13.9u,21.8
GE30,M,Y55-64,TOTAL,2008,22.3,16.9,29.6,23.2,23.1,27.2,24.8,15.6,23.8,19.5,25.3,31.5,20.1,24,10.7,26.6,22.8,20
GE30,M,Y55-64,UNK,2008,24.9,:,32.9u,:c,14.5u,21.7,21.7,15.6,:,:,32.6u,37.7u,:,24.7,13.0u,20.1u,17.6u,:
GE30,M,Y65-74,QU1,2008,6.5u,16.5,:,:c,16.7,:,27.6,:,23.8,:,26.7,29.4u,20.2,23.7,9.2,:,16.1u,21.7u
GE30,M,Y65-74,QU2,2008,11.4u,9.7,:,:c,13.6u,33.0u,28.2,:,22,16.5,38.6,29.0u,24.4,25.7,13.3,23.6u,21.8,14.5
GE30,M,Y65-74,QU3,2008,18.2,16.3,27.2u,:c,14.9,27.5u,25.4,:,27.5u,25.2,32.4,38.9u,17.8,25.7,:,:,31.3,21.6
GE30,M,Y65-74,QU4,2008,14.2,6.2u,:,:c,29.4,13.6u,16.6,:,14.7u,:,22.2u,:,16.6,23,:,:,:,25.4
GE30,M,Y65-74,QU5,2008,8.6u,23.4u,:,:c,30.4,11.6u,15.3,:,16.2u,:,40.7u,:,11.5,25.6,:,:,:,40.9u
GE30,M,Y65-74,TOTAL,2008,11.3,14.9,25.3,18.2,20.4,25.8,23.9,19.4,22.8,19.6,33.9,31.1u,19.1,24.6,10.5,24.3,25.1,21.9
GE30,M,Y65-74,UNK,2008,6.6,:,:,:c,27.2u,28.8,18.6,19.4,:,:,:,37.1u,:,23.7,10.9u,29.5u,:,:
GE30,M,Y_GE75,QU1,2008,11.4,5.7,:,:c,12.1,:,20,:,15.8,:,19.6u,:,3.7,8.8,7.4,:,4.1u,11.2u
GE30,M,Y_GE75,QU2,2008,16.3,2.7u,:,:c,16,10.2u,15.5,:,12.6u,15.2,34.6u,19.1u,10.8,19.8,2.6,:,15.2u,7
GE30,M,Y_GE75,QU3,2008,7.9,7.9u,3.9u,:c,11.5,:,11.6,:,:,14.2,20.8u,:,9.7,15.8,:,:,:,28.2u
GE30,M,Y_GE75,QU4,2008,12.4,:,:,:c,12.8,7.4u,10.6,:,:,:,18.6u,:,6.3,11.6,:,:,:,3.7u
GE30,M,Y_GE75,QU5,2008,4.7u,:,:,:c,4.9u,:,9.0u,:,:,:,:,:,11.6u,13.7,:,:,:,:
GE30,M,Y_GE75,TOTAL,2008,10.8,6.1,9.9,15.7,12.1,14,16,14.5,17.9,14.3,24.6,20.8u,8.3,15.6,6.8,10.4,14.9,11.3u
GE30,M,Y_GE75,UNK,2008,9.5,:,:,:c,15.0u,14.3,16.7,14.5,:,:,:,20.0u,:,17.5,18.9u,:,:,:
GE30,T,TOTAL,QU1,2008,15.1,14.5,23.2,21.9,22.8,18.2,22.6,:,20.2,14.4,21.9,30.1u,15.4,17.9,7.8,24.2,24.7,16.4u
GE30,T,TOTAL,QU2,2008,17,10.5,24.4,18.9,18.3,19.5,18.5,:,16.6,21.5,22.5,27.6u,13.6,19,8.2,23,17.1,16.4
GE30,T,TOTAL,QU3,2008,19,11.7,21.8,18.7,21.5,15.7,17,:,15.7,16.2,19.5,23.5,14.2,17.7,5.7,17.9,14,16.2
GE30,T,TOTAL,QU4,2008,15.7,12.8,19.2,14.1,21.8,16,13.9,:,14.3,11.6,20.6,22.6,12.6,14.7,6.3,15.4,14.3,15.9
GE30,T,TOTAL,QU5,2008,10.5,9.5,11.3,11.1,15.8,13.2,9.8,:,11.2,8.8,17.1,16.9,9.3,15.1,7.7,8.9,11.7,16.4
GE30,T,TOTAL,TOTAL,2008,14,11.5,18.3,15.8,18.5,17.6,15.7,12.2,15.6,16.9,20,22.9u,12.8,16.4,7.9,16.8,15.1,16.2
GE30,T,TOTAL,UNK,2008,12.7,7.7,16.4,13,10.9,19,12.5,12.2,13.8,:,17.6,21.9u,:,15.8,8.1,14.4,9.7,11.5u
GE30,T,Y18-44,QU1,2008,9.3,7.6,5.2u,15.7,7.8,12.5,13.1,:,5.8,14.8,12,15.1u,7.5,8.1,3.8,19.4,12.3,11.9u
GE30,T,Y18-44,QU2,2008,12.8,3.7,16.7,12.5,9.3,8.2,12.9,:,10.2,7.5,13.1,22.1u,7.5,9.8,4.9,15,10,11.9
GE30,T,Y18-44,QU3,2008,11.8,6.6,8.6,13,11.4,9.3,12.9,:,11.9,7.7,15.1,20,9.2,9.6,4.2,11.5,6.7,11
GE30,T,Y18-44,QU4,2008,12.7,11.8,15.7,11.7,12.8,10.6,9.8,:,9.8,6.9,14,19.4,9.8,8.1,2.2,13,9,9.9
GE30,T,Y18-44,QU5,2008,8.9,6.3,7.4,8.4,10.4,8.4,8.1,:,6.7,5.1,10.3,13.7,7.1,8.2,4.2u,5.8,7.3,10.2
GE30,T,Y18-44,TOTAL,2008,10.1,7.4,10.8,10.9,10.3,10.5,10.8,8.1,9.6,7.6,12.1,16.8,8.2,8.7,4.4,10.4,8.2,11
GE30,T,Y18-44,UNK,2008,9,5.5,9.9,8.3,5.8,11.5,8.4,8.1,11.1,:,5.5,14.6u,:,8.7,5.2,7.8,7.2,5.6u
GE30,T,Y45-54,QU1,2008,18.4,11.2,:,22.3,12.4,14.1u,23.8,:,26.4,7.4,30.5,26.7,21,15.5,11.4,19.5u,19.7,27.0u
GE30,T,Y45-54,QU2,2008,20.9,10.4,:,23.6,26.4,26.2,17.7,:,19.4,22.3,24.7,26.4,13.7,20.6,13.1,35.7,13.8,27.1u
GE30,T,Y45-54,QU3,2008,20.6,12.9,33.0u,23.8,21.8,21.9,21.8,:,20.3,22.6,25.4,28.2u,18.1,21.5,11.2,29.6,17.1,26.4
GE30,T,Y45-54,QU4,2008,16.2,12.2,21,15,27.5,14.1,19.4,:,18.8,19.6,26.7,22.6,13.1,19.7,:,24.4,22.1,28.7
GE30,T,Y45-54,QU5,2008,11.3,11.1,18.9,13,23.2,17.1,11.1,:,15.2,:,28.6,21.2,10.9,20.8,:,9.7,15.9,26
GE30,T,Y45-54,TOTAL,2008,14.7,11.7,22.1,17.7,22.5,20.8,17.1,13.6,18.8,21.1,27.3,24.3u,14.4,20.4,12.1,21.1,16.8,26.9
GE30,T,Y45-54,UNK,2008,13.9,14.1,19.5,14.8,15.7,23.5,12.7,13.6,13.4u,:,28.9,23.3u,:,21.7,12.7,12.9,9.4,14.0u
GE30,T,Y55-64,QU1,2008,24.3,19.1,28.1u,31.1,36,19.9u,30.7,:,31.1,21.1u,26.4,39.0u,26.2,25.2,12.1,35.7,33.1,24.5u
GE30,T,Y55-64,QU2,2008,28.7,15.8,29.5,26.2,19.7,33.1,27.5,:,25.3,29.6,34.5,32.9u,23,28.4,13.7,32.8,29.3,26.3
GE30,T,Y55-64,QU3,2008,28.8,20.6,30.5,24.2,33.4,22.3,23.3,:,19.9,27.9,21.6,20.3,21.4,27,3.9,18.4u,24.6,30.4
GE30,T,Y55-64,QU4,2008,21.2,16.4,35.2,21.1,39.4,35.8,22.6,:,23.3,35,27.4,30,20.7,25.8,:,17.3u,25.8,28.8
GE30,T,Y55-64,QU5,2008,16.9,17.7,16.8u,15.5,27,21,13.3,:,18.1,:,18.5,24.1,15.9,28.1,:,24.6u,26.9,24.8
GE30,T,Y55-64,TOTAL,2008,21.7,17.7,29.5,22.3,31.3,26.9,22.5,16.8,23.3,28.9,26.5,30.1u,21.4,26.4,12.6,27.3,27,27.2
GE30,T,Y55-64,UNK,2008,20.1,3.8u,34.1,18.1,21.2u,24.9,18,16.8,15.7u,:,36.5,32.4u,:,24.9,13.2u,25.2,20.3,:
GE30,T,Y65-74,QU1,2008,15.2,19.4,38,27.7,28.7,30,30.8,:,27.3,:,30.4,41.2u,22.3,25.9,10,27.8,36,26.7u
GE30,T,Y65-74,QU2,2008,15.9,15,35.6u,18.3,23.8,36.8,28,:,23.8,30.1,30.9,29.9u,21.8,28.8,13.3,23,24.3,21.1u
GE30,T,Y65-74,QU3,2008,26.5,11.7,31.1,25.4,27.1,27.8,24.7,:,23.3,31.5,22.2,38.2u,17.5,26.6,6.9u,28.3u,32.8,28.5u
GE30,T,Y65-74,QU4,2008,17.7,10.2,:,:c,29.7,23.2,18.3,:,20.5u,15.0u,34.2,29.4u,19.5,24.5,:,:,38.2u,28
GE30,T,Y65-74,QU5,2008,14.7,21.6,:,:c,35.6,15.4u,12.6,:,20.3u,:,31.8u,16.7u,9.2,26,:,:,:,46.8
GE30,T,Y65-74,TOTAL,2008,16.8,17.2,31.5,20.1,28.7,29.4,25.4,18.5,24.8,29.6,29.2,31.5u,19.4,26.3,10.7,24.2,30.1,27.4u
GE30,T,Y65-74,UNK,2008,11.1,:,31.9u,17.5,25.9u,30.5,21.7,18.5,:,:,34.3u,29.7u,:,25.2,7.4u,30,14.4u,:
GE30,T,Y_GE75,QU1,2008,17,12,21.6,:c,18.9,23.2,24.7u,:,19,:,19.2,25.8u,13.6,18.3,7.3,20.2,20.5,14.9u
GE30,T,Y_GE75,QU2,2008,15.5,7.7,20.2u,23,25.3,14.9,21,:,19.9,25.5,23,32.6u,13.2,21.6,5.9,10.7u,18.1,13.5u
GE30,T,Y_GE75,QU3,2008,14.9,12.5,20.6u,:c,17.2,11.1,15.9,:,28.6u,20.9,23.6,26.3u,17.6,20,6.0u,:,18.3u,15.3u
GE30,T,Y_GE75,QU4,2008,14,17.6u,:,:c,26.2,10.5u,21.3,:,:,:,19.8u,:,9,16.1,:,:,:,16.1u
GE30,T,Y_GE75,QU5,2008,2.9,11.8u,:,:c,24.7,:,13.8u,:,:,:,40.0u,:,11.7,23.2,:,:,:,23.1u
GE30,T,Y_GE75,TOTAL,2008,14.6,11.9,19.3,18.1,20.3,17.4,20.9,14.8,20.5,23.9,22.5,25.6u,13.2,19.6,7.4,15.8,20,15.4u
GE30,T,Y_GE75,UNK,2008,13.9,:,20.7u,19.9,19,18.1,16.5u,14.8,:,:,26.8u,23.5u,:,19.3,18.8u,20.4u,:,:
LT18P5,F,TOTAL,QU1,2008,3.9,1.9,1.6,3.8,1.1,3.4,2.7,:,3.1,3.8,4.3,2.1u,2.8,3.3,2.5,2.5,1.6,3.9u
LT18P5,F,TOTAL,QU2,2008,3.9,3.7,2.3,3.2,4.2,5.8,2.2,:,5.1,2.7,4.9,4.0u,3,3.4,3.9,1.9,3.3,5.1u
LT18P5,F,TOTAL,QU3,2008,3.6,4.2,2.3,:c,3.6,1.9,2.6,:,5.2,3.3,5.4,4.2,2.4,2.7,4.1,0.4,4.2,3.6
LT18P5,F,TOTAL,QU4,2008,2.6,4.9,9.8,3,3.2,3.3,4.2,:,5.3,2.6,5.6,2.8,3.7,3.8,:,3.6,6.2,5.2
LT18P5,F,TOTAL,QU5,2008,5.2,6.9,5.6,3.2,6.8,4.1,5,:,5.9,3.9u,4.5,2.9,3.8,4,2.4u,2.5,6.7,5.3
LT18P5,F,TOTAL,TOTAL,2008,4.1,5,4.3,3.4,4.3,3.2,3.5,5.2,5.1,3,4.9,3.2u,3.2,3.8,3.1,2.5,4.5,4.6u
LT18P5,F,TOTAL,UNK,2008,4.2,13.8,2.9,4,5.5,2.8,4.7,5.2,11.8,:,4.7,3.2u,:,4.8,3.7,3.3,6.6,12.5u
LT18P5,F,Y18-44,QU1,2008,5.6,7,:,7.4,2.0u,9.8,6.5,:,6.7,4.0u,8.8,2.8u,5.3,7.7,4.9,7.3u,8.9,5.5u
LT18P5,F,Y18-44,QU2,2008,6.3,11.3,6.3u,:c,10.6,10.7,4,:,7.7,5.6,11.1,9.7u,4.9,7,5.8,5.3,7.7,7.3
LT18P5,F,Y18-44,QU3,2008,6.4,7.8,5.8,:c,7.2,3,4.1,:,8,6.3,9.9,6.1,4.4,4.9,6.9,:,7.4,4.6
LT18P5,F,Y18-44,QU4,2008,2.8,8.1,13.7,:c,5.4,5.5,6.1,:,8.1,3.5,10,2.4,5.4,6.1,:,5.8,8.7,7.1
LT18P5,F,Y18-44,QU5,2008,7.9,11,7.5,:c,10.1,6.9,8.3,:,9,5.9u,6.4,4.4,5.2,6.9,:,4.1,9.2,7.8
LT18P5,F,Y18-44,TOTAL,2008,5.8,10.3,8.1,5.3,8.3,5.8,6.1,7.6,8.5,5.4,8.9,5.5,5.1,6.7,5.4,4.5,8.3,6.4
LT18P5,F,Y18-44,UNK,2008,5,20.1,5.2,6.5,8.1,5.4,8.6,7.6,23.2u,:,7.2,6.1u,:,7.9,6,5.5,8.6,18.0u
LT18P5,F,Y45-54,QU1,2008,5.6u,:,:,:c,:,:,0.8,:,4.5,:,4.4,:,3.6,1.6,1.6,:,:,0.4u
LT18P5,F,Y45-54,QU2,2008,4.5u,2.9u,:,:c,:,7.6u,0.5,:,4.6,2.7,2.8,:,1.4,2.1,0.8,:,1.2,0.3u
LT18P5,F,Y45-54,QU3,2008,3.4,3.2,:,:c,:,2,1.3,:,0.7,0.3,1.3,:,1.1,1.7,:,:,:,1.2
LT18P5,F,Y45-54,QU4,2008,3.6,0.8,4.3u,:c,1.6,1.1,2.1,:,1.6,:,1.2,4.0u,1.5,1.8,:,:,1.5,:
LT18P5,F,Y45-54,QU5,2008,0.6,1.2,:,:c,1.2,:,0.5,:,2.3,:,3.2,:,2.5,0.3,:,:,1.8,0.6
LT18P5,F,Y45-54,TOTAL,2008,3.3,1.5,0.8,2.6,1,1.7,1.1,3.4,2.3,0.9,2.3,0.7u,2,1.7,1.1,0.4,1.5,0.5u
LT18P5,F,Y45-54,UNK,2008,4.9,3.1u,:,:c,3.0u,1.5,1.4,3.4,:,:,:,0.9u,:,2.3,:,1.8u,6.9u,:
LT18P5,F,Y55-64,QU1,2008,3.9,0.7,:,:c,:,:,1.3,:,1.5,6.6u,3.2,2.9u,0.4,3.2,0.2,:,:,0.5u
LT18P5,F,Y55-64,QU2,2008,1.6,:,:,:c,:,2.2,0.8,:,1.7,2.5,:,:,2.2,0.5,1.1,:,:,0.5u
LT18P5,F,Y55-64,QU3,2008,1.8,1.1,:,:c,2.5,:,:,:,1,:,3.5,5.4u,0.6,0.3,:,:,1.9,0.7u
LT18P5,F,Y55-64,QU4,2008,0.2,2.7,:,:c,:,:,0.6,:,:,2.2u,:,3.9u,1.8,1.5,:,:,:,3
LT18P5,F,Y55-64,QU5,2008,0.6,0.9,:,:c,:,1.6u,:,:,:,:,1.9,3.0u,1.7,0.5,:,:,:,:
LT18P5,F,Y55-64,TOTAL,2008,1.4,1,:,:c,0.6,0.5,0.6,1.9,1,1.4,1.9,1.9u,1.4,1.2,0.5,0.7,0.5,0.9u
LT18P5,F,Y55-64,UNK,2008,1.8,:,:,:c,:,0.3,0.8,1.9,:,:,:,:,:,1.4,:,2.6u,:,:
LT18P5,F,Y65-74,QU1,2008,:,0.8,:,:c,1.2,:,0.8,:,:,:,1.7,:,0.5,2.1,0.9,:,0.7,3.5u
LT18P5,F,Y65-74,QU2,2008,1.2,:,:,:c,:,:,0.6,:,0.9,1.2,:,:,1.1,1.2,1.1,:,:,:
LT18P5,F,Y65-74,QU3,2008,2.2,2,:,:c,0.7,:,0.5,:,:,:,2.8,:,0.5,0.5,:,:,:,3.1u
LT18P5,F,Y65-74,QU4,2008,1.5,:,:,:c,1.2,:,:,:,:,:,5.6u,:,0.3,:,:,:,:,3.1
LT18P5,F,Y65-74,QU5,2008,:,:,:,:c,4.1,:,1.0u,:,:,:,:,:,:,0.4,:,:,:,2.9u
LT18P5,F,Y65-74,TOTAL,2008,1.6,0.7,1.5,:c,1.4,0.8,0.6,2.2,0.3,0.9,1.7,0.7u,0.6,1.2,0.9,:,0.3,2.5u
LT18P5,F,Y65-74,UNK,2008,2.7,:,:,:c,4.3u,1.3,0.6,2.2,:,:,:,2.6u,:,1.5,:,:,:,:
LT18P5,F,Y_GE75,QU1,2008,4,1.7,:,:c,1.5,:,1.1u,:,3.9,:,2.9,:,1.7,1.6,1.5,4.4u,:,0.6u
LT18P5,F,Y_GE75,QU2,2008,4.4,:,:,:c,3.6,:,1.5,:,2.6u,1,2.2,4.6u,1.7,1.5,4.1,:,1.1u,4.8u
LT18P5,F,Y_GE75,QU3,2008,2.2,:,:,:c,4.5,:,0.7,:,:,1.5,:,:,0.3,2.2,:,:,:,2.8u
LT18P5,F,Y_GE75,QU4,2008,6.3,:,:,:c,:,:,:,:,:,:,:,:,4,:,:,:,:,:
LT18P5,F,Y_GE75,QU5,2008,1.3u,:,:,:c,:,:,:,:,:,:,:,:,:,1.4,:,:,:,9.2u
LT18P5,F,Y_GE75,TOTAL,2008,4.5,1.3,:,:c,1.9,0.9,1.4u,5.5,3.4,1.1,2.2,3.6u,1.8,1.5,1.7,2.4,0.4,2.8u
LT18P5,F,Y_GE75,UNK,2008,6,:,:,:c,:,1.4,3.3u,5.5,:,:,:,:,:,2,:,:,:,:
LT18P5,M,TOTAL,QU1,2008,1.8,1,2.1,:c,1.4,3,0.8,:,0.6,0.7,1.4,:,0.8,1.6,0.7,2.2,1,2.2
LT18P5,M,TOTAL,QU2,2008,1.9,0.4,:,:c,0.2,0.3,0.4,:,0.4,1.4,1.2,1.1,1,0.4,0.3,0.8,0.3,1.5
LT18P5,M,TOTAL,QU3,2008,1.7,0.6,:,:c,1.2,:,0.4,:,0.6,0.4,1.7,0.9,1,1,1.4,0.7,1,1.2
LT18P5,M,TOTAL,QU4,2008,1.8,1,0.5,:c,1.5,0.2,0.4,:,0.2,0.2,3.1,2,0.4,0.8,:,0.6,:,2.2
LT18P5,M,TOTAL,QU5,2008,0.8,0.8,0.9,:c,1,:,0.9,:,0.3,:,0.5,1.5,0.7,0.4,:,:,0.9,1.2
LT18P5,M,TOTAL,TOTAL,2008,1.4,0.9,0.6,0.8,1.2,0.3,0.6,1.2,0.5,0.6,1.6,1.3,0.8,0.7,0.6,0.7,0.6,1.7
LT18P5,M,TOTAL,UNK,2008,1.4,2.8,0.7,:c,1.8,0.4,0.9,1.2,5,:,1.9,1.7u,:,0.5,0.2u,0.9,1.1,7.2
LT18P5,M,Y18-44,QU1,2008,3,2.7,:,:c,:,5.6u,0.8,:,0.7,:,1.1,:,0.3,2.1,0.6,:,:,2.2
LT18P5,M,Y18-44,QU2,2008,3,:,:,:c,:,:,0.5,:,:,1.5,2.4,2,0.9,0.5,0.4,1.9,:,2
LT18P5,M,Y18-44,QU3,2008,2.7,0.7,:,:c,3,:,0.6,:,0.8,0.5,1.9,0.9,1.9,1.6,1.2,1.4,1.8,1.4
LT18P5,M,Y18-44,QU4,2008,2.7,1.3,0.8,:c,2.7,0.4,0.4,:,0.3,0.3,6.1,3.9,0.5,1.2,:,1.1,:,2.2
LT18P5,M,Y18-44,QU5,2008,1.3,1.1,0.7,:c,1.2,:,1.7,:,0.7,:,0.4,2.9,0.9,0.4,:,:,1.4,1.4
LT18P5,M,Y18-44,TOTAL,2008,2.2,1.4,0.6,1.4,1.7,0.6,0.9,1.8,0.7,0.6,2.3,2.3,0.9,0.9,0.5,0.9,0.8,1.9
LT18P5,M,Y18-44,UNK,2008,2.3,4.6,0.6,:c,2.5,0.8,1.4,1.8,9.2u,:,3,2.4u,:,0.6,0.4,0.9,1,7.6u
LT18P5,M,Y45-54,QU1,2008,0.9u,:,:,:c,2.1u,:,0.3,:,:,:,3.1,:,0.7,0.4,0.5,2.5u,:,0.6
LT18P5,M,Y45-54,QU2,2008,:,2.7u,:,:c,:,2.0u,0.2,:,:,2.1,:,:,:,0.1,0.1,:,1.6,1
LT18P5,M,Y45-54,QU3,2008,3.5,:,:,:c,:,:,0.2,:,0.6,:,:,:,:,0.1,3.8u,:,:,0.6
LT18P5,M,Y45-54,QU4,2008,1,1.3,:,:c,:,:,:,:,:,:,:,:,0.1,:,:,:,:,1
LT18P5,M,Y45-54,QU5,2008,:,0.6,1.9u,:c,1.3,:,:,:,:,:,1.3,:,0.3,:,:,:,:,0.4
LT18P5,M,Y45-54,TOTAL,2008,0.5,0.7,1.3,:c,0.8,0.2,0.1,0.9,0.2,0.5,0.8,:,0.2,0.2,0.4,0.3,0.5,0.7
LT18P5,M,Y45-54,UNK,2008,:,:,:,:c,:,:,0.1,0.9,:,:,:,:,:,0.4,:,:,2.3,:
LT18P5,M,Y55-64,QU1,2008,1.9u,:,:,:c,:,:,1.6,:,:,3.4u,1,:,0.7,1.7,0.8,7.4u,3.2u,2.9u
LT18P5,M,Y55-64,QU2,2008,3.5u,:,:,:c,:,:,:,:,:,0.6,1.4,:,0.8,0.7,0.2,:,:,0.6
LT18P5,M,Y55-64,QU3,2008,:,:,:,:c,:,:,0.3,:,:,:,:,:,:,0.3,:,:,:,1.1
LT18P5,M,Y55-64,QU4,2008,:,:,:,:c,:,:,:,:,:,:,:,:,0.7,0.7,:,:,:,2.6
LT18P5,M,Y55-64,QU5,2008,:,:,:,:c,:,:,:,:,:,:,:,:,:,:,:,:,:,0.8
LT18P5,M,Y55-64,TOTAL,2008,0.6,:,:,:c,:,:,0.2,0.3,:,0.4,0.4,0.8,0.4,0.5,0.6,1,0.3,1.6
LT18P5,M,Y55-64,UNK,2008,0.7,:,:,:c,:,:,:,0.3,:,:,:,2.6u,:,0.2,:,:,:,:
LT18P5,M,Y65-74,QU1,2008,1.2u,:,:,:c,2.3,:,0.6,:,:,:,:,:,1.1,1.8,0.6,:,:,3.1u
LT18P5,M,Y65-74,QU2,2008,1.1u,:,:,:c,1.9u,:,0.6,:,1.9,2,:,2.6u,0.7,:,0.4,:,:,0.9
LT18P5,M,Y65-74,QU3,2008,:,:,:,:c,0.3,:,:,:,:,:,:,5.6u,0.4,0.2,:,:,:,:
LT18P5,M,Y65-74,QU4,2008,1.1,:,:,:c,:,:,:,:,:,:,:,:,:,0.4,:,:,:,1.9
LT18P5,M,Y65-74,QU5,2008,0.4u,:,:,:c,:,:,:,:,:,:,:,:,:,:,:,:,:,:
LT18P5,M,Y65-74,TOTAL,2008,1.1,:,0.7,:c,0.6,0.2,0.3,0.8,0.6,1,0.3,1.5u,0.5,0.3,0.5,:,:,1.4
LT18P5,M,Y65-74,UNK,2008,1.9,:,:,:c,:,0.4,:,0.8,:,:,:,:,:,:,:,:,:,:
LT18P5,M,Y_GE75,QU1,2008,:,1.7,:,:c,3.1,:,0.8,:,1.4,:,2.3u,:,2.7,2.1,1.9,:,2.9u,4.3u
LT18P5,M,Y_GE75,QU2,2008,0.9,:,:,:c,:,:,0.1,:,2.2u,:,:,:,3.7,0.9,1.9,:,:,:
LT18P5,M,Y_GE75,QU3,2008,1.2,3.7u,:,:c,2.2,:,:,:,:,1.3,10.3u,:,0.3,1.8,:,:,:,:
LT18P5,M,Y_GE75,QU4,2008,3.9,:,:,:c,:,:,3.5,:,:,:,:,:,:,0.2,:,:,:,13.0u
LT18P5,M,Y_GE75,QU5,2008,4.2u,:,:,:c,:,:,:,:,:,:,:,:,6.6u,5.9,:,:,:,:
LT18P5,M,Y_GE75,TOTAL,2008,1.8,1.4,:,:c,1.9,:,1.1,0.9,1.3,0.5,2.9,:,2.3,1.6,1.8,1.8,0.8,4.1u
LT18P5,M,Y_GE75,UNK,2008,1.4,:,:,:c,5.4u,:,3.3,0.9,:,:,:,:,:,1.4,:,:,:,:
LT18P5,T,TOTAL,QU1,2008,3,1.6,1.8,3,1.2,3.3,1.9,:,2.2,2.2,3.2,1.3u,2.1,2.7,1.7,2.4,1.4,3.0u
LT18P5,T,TOTAL,QU2,2008,3.1,2.1,1.4,1.9,2.7,3.3,1.3,:,2.7,2.2,3.2,2.6u,2.1,2.1,2.2,1.3,2,3.2
LT18P5,T,TOTAL,QU3,2008,2.7,2.4,1.2,1.5,2.6,1,1.5,:,2.9,1.9,3.5,2.4,1.7,1.9,2.9,0.6,2.6,2.3
LT18P5,T,TOTAL,QU4,2008,2.2,3,4.9,1.6,2.4,1.7,2.1,:,2.7,1.5,4.4,2.4,2,2.4,:,2.1,2.9,3.6
LT18P5,T,TOTAL,QU5,2008,3,3.9,3,1.7,3.7,2,2.9,:,3.1,1.8,2.5,2.2,2.1,2.2,1.1,1.2,3.5,3.1
LT18P5,T,TOTAL,TOTAL,2008,2.8,3.1,2.5,2.1,2.9,1.8,2,3.3,2.9,1.9,3.3,2.3u,2,2.4,1.9,1.6,2.6,3.1
LT18P5,T,TOTAL,UNK,2008,2.9,8.4,1.8,2.7,3.6,1.6,2.8,3.3,8.9,:,3.3,2.5u,:,2.9,2.2,2.1,3.8,9.7u
LT18P5,T,Y18-44,QU1,2008,4.3,4.8,5.9u,5.2,1.1,8,3.8,:,4.2,1.7,4.9,1.9u,3.1,5,2.9,3.4,4.7,3.8u
LT18P5,T,Y18-44,QU2,2008,4.8,6.1,3.9,:c,6.2,5.8,2.2,:,4,3.7,6.9,6.6u,2.9,3.9,3.2,3.5,4.1,4.5
LT18P5,T,Y18-44,QU3,2008,4.5,4,3.1,:c,5.8,1.7,2.3,:,4.6,3.3,5.5,3.3,3.1,3.3,4.3,0.7,4.6,2.9
LT18P5,T,Y18-44,QU4,2008,2.7,4.8,7.3,:c,4.1,2.9,3,:,4.2,2,8.2,3.1,3,3.8,:,3.7,4.1,4.5
LT18P5,T,Y18-44,QU5,2008,4.8,6,3.9,2.6,5.3,3.5,4.9,:,4.9,2.5,3.4,3.6,2.9,3.7,1.8u,1.9,5,4.4
LT18P5,T,Y18-44,TOTAL,2008,4.1,5.8,4.4,3.3,5,3.2,3.4,4.8,4.7,3,5.5,4,3,4,3.1,2.6,4.5,4
LT18P5,T,Y18-44,UNK,2008,3.7,12.6,2.7,4.2,5,3,4.8,4.8,17,:,5.1,4.4u,:,4.5,3.6,3,4.7,12.6u
LT18P5,T,Y45-54,QU1,2008,3.4,:,:,:c,1.1,:,0.6,:,3.3,:,3.8,:,2.4,1,1.1,1.5u,:,0.5u
LT18P5,T,Y45-54,QU2,2008,1.9,2.8,:,:c,:,4.7,0.4,:,2.2,2.4,1.4,:,0.7,1.3,0.5,:,1.4,0.7u
LT18P5,T,Y45-54,QU3,2008,3.4,1.6,:,:c,:,0.9,0.8,:,0.7,0.2,0.6,:,0.6,1,1.5,:,:,0.8
LT18P5,T,Y45-54,QU4,2008,2.3,1.1,2.1,:c,0.9,0.6,1,:,0.8,:,0.7,1.6,0.8,1,:,:,0.7,0.5
LT18P5,T,Y45-54,QU5,2008,0.3,0.9,1.1,:c,1.2,:,0.3,:,1.2,:,2.2,:,1.2,0.2,:,:,0.8,0.5
LT18P5,T,Y45-54,TOTAL,2008,1.9,1.1,1.1,1.4,0.9,0.9,0.6,2.2,1.3,0.7,1.6,0.4u,1.1,1,0.8,0.4,1,0.6
LT18P5,T,Y45-54,UNK,2008,2.5,1.5,:,:c,1.6,0.8,0.7,2.2,:,:,:,0.6u,:,1.5,:,0.9,4.5,:
LT18P5,T,Y55-64,QU1,2008,2.9,0.5,:,:c,:,:,1.4,:,1,4.8u,2.5,1.7u,0.5,2.7,0.5,3.2,0.9,1.7u
LT18P5,T,Y55-64,QU2,2008,2.4,:,:,:c,:,1.3,0.4,:,0.9,1.8,0.6,:,1.6,0.6,0.7,:,:,0.5
LT18P5,T,Y55-64,QU3,2008,1,0.6,:,:c,1.7,:,0.2,:,0.5,:,1.9,3.1,0.3,0.3,:,:,1,0.9
LT18P5,T,Y55-64,QU4,2008,0.1,1.3,:,:c,:,:,0.2,:,:,0.9,:,2,1.2,1.1,:,:,:,2.8
LT18P5,T,Y55-64,QU5,2008,0.3,0.4,:,:c,:,0.9,:,:,:,:,1,1.2,0.7,0.3,:,:,:,0.4
LT18P5,T,Y55-64,TOTAL,2008,1,0.5,:,:c,0.4,0.3,0.4,1.1,0.5,1,1.2,1.4u,0.9,0.9,0.5,0.9,0.4,1.3
LT18P5,T,Y55-64,UNK,2008,1.3,:,:,:c,:,0.2,0.4,1.1,:,:,:,1.2u,:,0.9,:,1.6,:,:
LT18P5,T,Y65-74,QU1,2008,0.4,0.5,:,:c,1.4,:,0.7,:,:,:,1.2,:,0.6,2.1,0.8,:,0.6,3.4u
LT18P5,T,Y65-74,QU2,2008,1.1,:,:,:c,0.6,:,0.6,:,1.4,1.4,:,1.5u,0.9,0.7,0.8,:,:,0.5u
LT18P5,T,Y65-74,QU3,2008,1.1,1,:,:c,0.5,:,0.2,:,:,:,1.6,2.9u,0.5,0.3,:,:,:,1.5u
LT18P5,T,Y65-74,QU4,2008,1.3,:,:,:c,0.6,:,:,:,:,:,3.2,:,0.2,0.2,:,:,:,2.5
LT18P5,T,Y65-74,QU5,2008,0.2,:,:,:c,2,:,0.4,:,:,:,:,:,:,0.2,:,:,:,1.3
LT18P5,T,Y65-74,TOTAL,2008,1.3,0.4,1.2,:c,1.1,0.5,0.5,1.6,0.4,1,1.1,1.1u,0.5,0.8,0.7,:,0.2,1.9u
LT18P5,T,Y65-74,UNK,2008,2.3,:,2.8u,:c,2.6u,0.9,0.3,1.6,:,:,2.0u,1.4u,:,0.8,:,:,:,:
LT18P5,T,Y_GE75,QU1,2008,2.9,1.7,:,:c,1.7,:,1.0u,:,2.9,:,2.8,3.2u,1.9,1.6,1.6,3.6,0.6,2.4u
LT18P5,T,Y_GE75,QU2,2008,3.2,:,:,:c,2.3,:,0.8,:,2.4,0.8,1.2,2.3u,2.4,1.3,3,:,0.7,2.5u
LT18P5,T,Y_GE75,QU3,2008,1.7,1.8,:,:c,3.3,:,0.4,:,0.1u,1.4,4.6,:,0.3,2,:,:,:,1.6u
LT18P5,T,Y_GE75,QU4,2008,5,:,:,:c,:,:,1.9,:,:,:,:,:,1.9,0.1,:,:,:,5.8u
LT18P5,T,Y_GE75,QU5,2008,2.9,:,:,:c,:,:,:,:,:,:,:,:,3.4,3,:,:,:,8.1u
LT18P5,T,Y_GE75,TOTAL,2008,3.4,1.3,:,:c,1.9,0.5,1.3,3.7,2.5,0.9,2.4,1.9u,1.9,1.6,1.7,2.2,0.5,3.4u
LT18P5,T,Y_GE75,UNK,2008,4.5,:,:,:c,1.6,0.8,3.3u,3.7,:,:,6.2u,2.0u,:,1.9,:,2.8u,:,: